universityName,admissionType,departmentName,grade50,grade70
가천대학교,10,경제학과,,4.06
가천대학교,10,도시계획·조경학부,,3.51
가천대학교,10,심리학과,,4.82
가천대학교,10,운동재활학과,,4.66
가천대학교,10,회계세무학과,,3.93
가천대학교,11,건축학부,,3.94
가천대학교,11,관광경영학과,,5.07
가천대학교,11,응용통계학과,,5.03
가천대학교,12,미디어커뮤니케이션학과,,5.33
가천대학교,12,반도체물리학과,,5.47
가천대학교,12,사회복지학과,,5.0
가천대학교,12,약학과,,2.69
가천대학교,12,의료산업경영학과,,4.85
가천대학교,12,화학과,,4.71
가천대학교,13,건축학부,,3.3
가천대학교,13,바이오나노학과,,4.24
가천대학교,13,생명과학과,,4.36
가천대학교,13,스마트시티학과,,5.64
가천대학교,13,식품생명공학과,,4.34
가천대학교,13,식품영양학과,,4.88
가천대학교,13,신소재공학과,,4.24
가천대학교,13,의공학과,,5.5
가천대학교,13,토목환경공학과,,4.93
가천대학교,15,간호학과,,4.1
가천대학교,15,경제학과,,4.93
가천대학교,15,금융·빅데이터학부,,4.02
가천대학교,15,유아교육학과,,5.03
가천대학교,16,금융·빅데이터학부,,3.17
가천대학교,16,스마트팩토리전공,,4.95
가천대학교,16,시스템반도체학과,,5.7
가천대학교,16,회계세무학과,,5.35
가천대학교,17,스마트보안학과,,5.22
가천대학교,18,경영학과,,2.76
가천대학교,20,인공지능학과,,2.81
가천대학교,20,전기공학과,,5.09
가천대학교,20,컴퓨터공학과,,2.74
가천대학교,21,도시계획·조경학부,,5.01
가천대학교,22,법과대학,,2.84
가천대학교,26,금융·빅데이터학부,,5.2
가천대학교,26,기계공학부,,2.93
가천대학교,26,법과대학,,3.8
가천대학교,28,기계공학부,,4.11
가천대학교,28,바이오로직스학과,,4.75
가천대학교,30,AI인문대학,,4.28
가천대학교,30,경영학과,,3.88
가천대학교,30,화공생명배터리공학부,,2.77
가천대학교,321,자유전공,,4.48
가천대학교,33,건축학부,,5.16
가천대학교,33,의예과,,2.16
가천대학교,36,화공생명배터리공학부,,3.7
가천대학교,40,의예과,,3.31
가천대학교,40,인공지능학과,,5.32
가천대학교,40,컴퓨터공학과,,5.25
가천대학교,44,법과대학,,4.67
가천대학교,5,미디어커뮤니케이션학과,,2.32
가천대학교,5,운동재활학과,,4.0
가천대학교,5,한의예과,,1.12
가천대학교,50,경영학과,,5.37
가천대학교,51,기계공학부,,5.18
가천대학교,58,화공생명배터리공학부,,4.47
가천대학교,6,물리치료학과,,3.65
가천대학교,6,바이오나노학과,,3.4
가천대학교,6,방사선학과,,4.08
가천대학교,6,사회복지학과,,3.17
가천대학교,6,생명과학과,,3.93
가천대학교,6,식품생명공학과,,3.52
가천대학교,6,식품영양학과,,3.7
가천대학교,6,신소재공학과,,3.52
가천대학교,6,심리학과,,2.35
가천대학교,6,유아교육학과,,3.21
가천대학교,6,응급구조학과,,4.86
가천대학교,6,의공학과,,3.83
가천대학교,6,의료산업경영학과,,3.75
가천대학교,6,토목환경공학과,,3.68
가천대학교,6,패션산업학과,,4.06
가천대학교,61,반도체대학,,4.93
가천대학교,7,경제학과,,2.8
가천대학교,7,관광경영학과,,3.0
가천대학교,7,도시계획·조경학부,,4.22
가천대학교,7,바이오나노학과,,3.16
가천대학교,7,반도체물리학과,,3.84
가천대학교,7,사회복지학과,,3.71
가천대학교,7,생명과학과,,3.41
가천대학교,7,스마트시티학과,,4.61
가천대학교,7,스마트팩토리전공,,4.05
가천대학교,7,식품생명공학과,,2.68
가천대학교,7,신소재공학과,,3.2
가천대학교,7,응용통계학과,,4.12
가천대학교,7,의료산업경영학과,,3.14
가천대학교,7,클라우드공학과,,3.58
가천대학교,7,토목환경공학과,,2.84
가천대학교,7,패션산업학과,,4.33
가천대학교,7,한의예과,,2.54
가천대학교,7,화학과,,3.52
가천대학교,7,회계세무학과,,2.9
가천대학교,71,AI인문대학,,5.03
가천대학교,8,관광경영학과,,3.99
가천대학교,8,물리치료학과,,4.75
가천대학교,8,미디어커뮤니케이션학과,,3.97
가천대학교,8,방사선학과,,4.62
가천대학교,8,스마트보안학과,,2.94
가천대학교,8,심리학과,,3.65
가천대학교,8,유아교육학과,,3.93
가천대학교,8,전기공학과,,3.25
가천대학교,83,간호학과,,4.26
가천대학교,9,스마트팩토리전공,,3.22
가천대학교,9,전기공학과,,3.88
가천대학교,9,치위생학과,,4.13
가톨릭관동대학교,2,임상병리학과,5.52,5.52
가톨릭관동대학교,2,치위생학과,5.22,5.22
가톨릭관동대학교,3,국어교육과,5.2,5.2
가톨릭관동대학교,3,사회복지학전공,5.96,5.96
가톨릭관동대학교,3,영어교육과,5.42,5.65
가톨릭관동대학교,4,간호학과,3.8,4.4
가톨릭관동대학교,4,수학교육과,4.66,4.66
가톨릭관동대학교,4,역사교육과,4.63,5.08
가톨릭관동대학교,4,컴퓨터교육과,4.86,5.48
가톨릭관동대학교,5,경찰학부,5.83,6.07
가톨릭관동대학교,5,사회복지학전공,5.33,6.55
가톨릭관동대학교,5,의학과(의예과),1.34,1.45
가톨릭관동대학교,5,임상병리학과,4.27,4.83
가톨릭관동대학교,5,지리교육과,4.58,4.77
가톨릭관동대학교,5,항공정비학전공,5.89,6.34
가톨릭관동대학교,7,치위생학과,4.98,5.11
가톨릭관동대학교,8,간호학과,3.28,3.45
가톨릭대학교,3,경영학과,2.37,2.42
강남대학교,10,교육학과,4.22,4.26
강남대학교,10,법행정세무학부,4.2,4.43
강남대학교,10,중등특수교육과,4.58,4.72
강남대학교,10,초등특수교육과,4.04,4.19
강남대학교,15,전자반도체공학부,4.41,4.67
강남대학교,15,컴퓨터공학부,4.51,4.74
강남대학교,16,인공지능융합공학부,4.43,4.47
강남대학교,17,복지융합대학,4.07,4.39
강남대학교,2,글로벌문화콘텐츠대학,4.0,4.0
강남대학교,2,법행정세무학부,6.93,6.93
강남대학교,2,복지융합대학,5.41,5.6
강남대학교,2,사회복지학부(야),6.14,6.14
강남대학교,2,인공지능융합공학부,5.63,5.81
강남대학교,2,컴퓨터공학부,5.06,5.37
강남대학교,20,글로벌문화콘텐츠대학,4.01,4.14
강남대학교,20,유아교육과,4.42,4.52
강남대학교,25,법행정세무학부,4.3,4.69
강남대학교,25,부동산건설학부,5.09,5.27
강남대학교,27,자유전공학부,4.29,4.5
강남대학교,27,전자반도체공학부,4.9,5.08
강남대학교,28,글로벌문화콘텐츠대학,4.48,4.63
강남대학교,28,인공지능융합공학부,5.13,5.26
강남대학교,28,컴퓨터공학부,4.76,4.82
강남대학교,3,디자인학과,3.75,4.01
강남대학교,3,법행정세무학부(야),5.59,6.26
강남대학교,3,상경학부,6.74,6.8
강남대학교,3,상경학부(야),4.93,5.16
강남대학교,3,자유전공학부,5.49,5.93
강남대학교,3,중등특수교육과,3.79,3.79
강남대학교,3,초등특수교육과,3.41,3.41
강남대학교,30,복지융합대학,4.28,4.47
강남대학교,30,상경학부,4.31,4.37
강남대학교,5,법행정세무학부,5.63,6.01
강남대학교,5,복지융합대학,6.29,6.34
강남대학교,5,인공지능융합공학부,5.71,5.85
강남대학교,5,전자반도체공학부,5.61,5.68
강남대학교,5,컴퓨터공학부,5.63,5.82
강남대학교,6,법행정세무학부,5.28,5.54
강남대학교,6,부동산건설학부,5.56,5.79
강남대학교,7,복지융합대학,4.42,4.76
강남대학교,8,글로벌문화콘텐츠대학,4.89,5.36
강남대학교,8,상경학부,4.66,4.81
건국대학교,,KU자유전공학부,4.81,5.24
건국대학교,,간호학과,2.94,3.11
건국대학교,,건축학부,2.56,2.88
건국대학교,,경영학과,2.5,3.5
건국대학교,,경제통상학과,5.26,5.45
건국대학교,,경제학과,2.28,2.33
건국대학교,,경찰학과,3.81,3.95
건국대학교,,국어국문학과,2.44,2.57
건국대학교,,국제무역학과,2.63,2.67
건국대학교,,기계‧로봇‧자동차공학부,2.32,2.33
건국대학교,,기술경영학과,2.33,2.5
건국대학교,,녹색기술융합학과,4.65,4.92
건국대학교,,동화·한국어문화학과,4.87,4.98
건국대학교,,메카트로닉스공학과,5.17,5.47
건국대학교,,문헌정보학과,4.36,4.43
건국대학교,,문화콘텐츠학과,2.33,2.5
건국대학교,,물리학과,2.27,2.5
건국대학교,,미디어커뮤니케이션학과,2.37,2.56
건국대학교,,바이오메디컬공학과,5.09,5.27
건국대학교,,바이오의약학과,4.54,4.59
건국대학교,,뷰티화장품학과,4.37,4.53
건국대학교,,사학과,2.46,2.5
건국대학교,,사회복지학과,4.83,5.02
건국대학교,,사회환경공학부,2.5,2.71
건국대학교,,산업공학과,2.07,2.11
건국대학교,,생명공학과,4.33,4.61
건국대학교,,생물공학과,2.04,2.15
건국대학교,,소방방재융합학과,4.69,4.84
건국대학교,,수학과,2.26,2.42
건국대학교,,식품영양학과,5.0,5.15
건국대학교,,신문방송학과,4.42,4.74
건국대학교,,에너지신소재공학과,5.37,5.41
건국대학교,,영어문화학과,5.05,5.25
건국대학교,,영어영문학과,3.11,3.86
건국대학교,,유아교육과,4.73,4.87
건국대학교,,응용통계학과,2.33,2.38
건국대학교,,의예과,1.34,1.51
건국대학교,,재료공학과,2.25,2.4
건국대학교,,전기전자공학부,2.04,2.15
건국대학교,,정치외교학과,2.3,2.36
건국대학교,,중어중문학과,4.3,5.17
건국대학교,,지리학과,2.96,3.27
건국대학교,,철학과,2.72,3.34
건국대학교,,컴퓨터공학과,4.8,5.18
건국대학교,,컴퓨터공학부,2.04,2.25
건국대학교,,항공우주‧모빌리티공학과,2.67,2.89
건국대학교,,행정학과,2.26,2.38
건국대학교,,화공학부,2.08,2.12
건국대학교,,화학과,2.13,2.14
건양대학교,,국방XR학부 디지털콘텐츠학과 스마트보안학과,5.62,5.74
건양대학교,,국방경찰행정학부 특수교육과,7.65,7.65
건양대학교,,군사학과(남) 군사학과(여),4.82,5.43
건양대학교,,글로벌의료뷰티학과,5.78,6.46
건양대학교,,글로벌의료뷰티학전공,5.87,6.42
건양대학교,,스마트보안학과,5.94,5.94
건양대학교,,스마트팜학부,6.0,6.0
건양대학교,,인공지능학과,5.37,5.88
건양대학교,,재난안전소방학전공 ND산업디자인학부,6.34,6.34
건양대학교,,재활퍼스널트레이닝학과,6.08,6.46
건양대학교,,특수교육과,7.56,7.56
경북대학교,,건축학부 (건축공학전공),3.82,3.91
경북대학교,,건축학부(건축공학전공),3.08,3.09
경북대학교,,건축학부(건축학전공),3.6,3.77
경북대학교,,경상대학 자율학부,3.25,3.26
경북대학교,,경영학부,3.15,3.2
경북대학교,,경제통상학부,3.02,3.28
경북대학교,,고고인류학과,3.16,3.21
경북대학교,,고분자공학과,3.43,3.52
경북대학교,,공과대학 자율학부,3.27,3.38
경북대학교,,국어국문학과,3.49,3.71
경북대학교,,금속재료공학과,2.84,2.86
경북대학교,,기계공학부,3.33,3.48
경북대학교,,노어노문학과,3.89,4.09
경북대학교,,농업생명과학대학 자율학부,3.62,3.83
경북대학교,,독어독문학과,3.0,3.01
경북대학교,,문헌정보학과,3.19,3.45
경북대학교,,물리학과,4.3,4.56
경북대학교,,미디어커뮤니케이션학과,2.23,2.31
경북대학교,,불어불문학과,2.85,2.89
경북대학교,,사학과,4.28,4.49
경북대학교,,사회과학대학 자율학부,2.58,2.66
경북대학교,,사회복지학부,3.86,4.09
경북대학교,,사회학과,2.63,2.67
경북대학교,,산림과학ㆍ조경학부,3.61,3.99
경북대학교,,생명공학부,2.78,2.97
경북대학교,,생물학과,2.46,2.75
경북대학교,,수학과,2.3,2.54
경북대학교,,식품공학부,3.01,3.13
경북대학교,,신소재공학과,3.13,3.19
경북대학교,,심리학과,2.64,2.72
경북대학교,,영어영문학과,2.68,2.83
경북대학교,,유럽어교육학부 (독어교육전공),5.15,5.24
경북대학교,,응용생명과학부,3.02,3.17
경북대학교,,응용화학과,3.08,3.22
경북대학교,,인문대학 자율학부,3.28,3.33
경북대학교,,일어일문학과,2.92,2.96
경북대학교,,자연과학대학 자율학부,3.36,3.72
경북대학교,,전자공학부,2.74,2.95
경북대학교,,전자공학부 (인공지능전공),3.17,3.21
경북대학교,,정치외교학과,2.33,2.37
경북대학교,,중어중문학과,2.79,2.84
경북대학교,,지구시스템과학부,3.7,4.02
경북대학교,,지리학과,2.92,2.96
경북대학교,,철학과,3.01,3.31
경북대학교,,컴퓨터학부,2.86,3.03
경북대학교,,컴퓨터학부 (글로벌소프트웨어융합전공),3.04,3.38
경북대학교,,컴퓨터학부 (인공지능컴퓨팅전공),3.09,3.28
경북대학교,,토목공학과,2.94,3.07
경북대학교,,통계학과,2.69,2.79
경북대학교,,한문학과,3.22,3.24
경북대학교,,화학공학과,2.33,2.46
경북대학교,,화학과,2.85,2.99
경상국립대학교,10,국제통상학과,5.01,4.23
경상국립대학교,10,의류학과,5.25,5.0
경상국립대학교,11,생명과학부,3.56,4.96
경상국립대학교,11,정보통계학과,4.71,5.63
경상국립대학교,12,사회복지학부,4.03,3.98
경상국립대학교,12,수학물리학부,5.31,5.23
경상국립대학교,12,정치외교학과,4.27,4.11
경상국립대학교,12,화학과,4.47,3.92
경상국립대학교,13,회계세무학부,5.1,4.63
경상국립대학교,14,경영학부,3.87,4.1
경상국립대학교,15,국어국문학과,4.46,4.96
경상국립대학교,19,수학물리학부,5.27,6.38
경상국립대학교,4,경영정보학과,4.75,4.75
경상국립대학교,4,독어독문학과,5.34,5.34
경상국립대학교,4,러시아학과,5.43,5.43
경상국립대학교,4,영어영문학부 영어전공,4.68,4.68
경상국립대학교,4,철학과,4.82,4.82
경상국립대학교,4,한문학과,5.6,5.6
경상국립대학교,5,건축공학부,3.97,3.88
경상국립대학교,5,경영학부,4.38,4.38
경상국립대학교,5,경제학부,4.26,4.26
경상국립대학교,5,국제통상학과,4.81,4.57
경상국립대학교,5,도시공학과,4.71,5.19
경상국립대학교,5,독어독문학과,4.3,5.22
경상국립대학교,5,러시아학과,5.44,4.74
경상국립대학교,5,불어불문학과,5.75,5.03
경상국립대학교,5,정보통계학과,5.44,5.44
경상국립대학교,5,제약공학과,3.26,4.86
경상국립대학교,5,중어중문학과,5.59,5.15
경상국립대학교,5,철학과,4.7,4.7
경상국립대학교,5,한문학과,6.21,4.96
경상국립대학교,5,항노화신소재과학과,5.27,5.11
경상국립대학교,5,화학과,4.47,5.06
경상국립대학교,6,미디어커뮤니케이션학과,3.37,3.88
경상국립대학교,6,사회복지학부,4.11,4.0
경상국립대학교,6,중어중문학과,6.1,6.49
경상국립대학교,6,행정학과,3.72,4.06
경상국립대학교,6,회계세무학부,3.97,4.86
경상국립대학교,7,경제학부,3.93,4.37
경상국립대학교,7,사학과,3.82,4.08
경상국립대학교,7,생명과학부,4.47,4.42
경상국립대학교,7,식품영양학과,3.86,3.97
경상국립대학교,7,심리학과,3.11,3.6
경상국립대학교,7,의류학과,4.4,4.56
경상국립대학교,8,경영정보학과,4.61,4.6
경상국립대학교,8,국어국문학과,4.21,3.99
경상국립대학교,8,사회학과,4.45,4.36
경상국립대학교,8,영어영문학부 영어영문학전공,3.97,4.56
경상국립대학교,9,영어영문학부 영어영문학전공,4.89,4.63
경상국립대학교,9,지질과학과,5.18,4.6
경성대학교,10,광고홍보학과,5.18,5.38
경성대학교,12,경제금융물류학부,6.18,6.45
경성대학교,12,사회복지학과,5.22,5.38
경성대학교,14,영어영문학과,6.47,6.52
경성대학교,15,글로컬문화학부,6.47,6.64
경성대학교,15,인문문화학부,5.77,5.95
경성대학교,17,경영학과,4.82,5.8
경성대학교,2,동물보건생명과학과,5.62,5.62
경성대학교,3,건축학과,5.75,5.79
경성대학교,3,미디어콘텐츠학과,3.06,3.83
경성대학교,3,실내건축학과,4.71,5.53
경성대학교,3,외식서비스경영학전공,3.38,3.58
경성대학교,3,유아교육과,4.59,4.69
경성대학교,3,호텔관광경영학전공,3.15,3.25
경성대학교,3,화장품학과,5.24,5.97
경성대학교,4,미디어커뮤니케이션학과,4.47,4.47
경성대학교,4,법학과,4.72,4.72
경성대학교,4,식품영양학과,5.94,5.94
경성대학교,4,윤리교육과,4.09,4.09
경성대학교,4,컴퓨터공학과,5.08,5.08
경성대학교,5,경찰행정학과,4.89,5.06
경성대학교,5,광고홍보학과,5.2,5.48
경성대학교,5,국제무역통상학과,5.25,5.25
경성대학교,5,문헌정보학과,3.92,4.44
경성대학교,5,물리치료학과,4.41,4.41
경성대학교,5,심리학과,5.19,5.35
경성대학교,5,영상애니메이션학부,3.96,4.32
경성대학교,5,유아교육과,4.31,4.52
경성대학교,5,패션디자인학과,5.47,5.71
경성대학교,5,회계학과,3.8,3.96
경성대학교,6,건축학과,5.41,5.45
경성대학교,6,빅데이터응용통계학과,5.29,5.38
경성대학교,6,사회복지학과,5.24,5.31
경성대학교,6,외식서비스경영학전공,6.13,6.33
경성대학교,6,토목공학과,5.44,5.54
경성대학교,6,호텔관광경영학전공,3.6,3.67
경성대학교,6,환경공학과,5.94,6.17
경성대학교,7,기계자동차공학과,5.6,6.34
경성대학교,7,도시계획학과,5.06,6.18
경성대학교,7,메카트로닉스공학과,4.18,6.23
경성대학교,8,글로컬문화학부,5.72,6.0
경성대학교,8,미디어커뮤니케이션학과,4.38,4.41
경성대학교,8,법학과,5.93,6.46
경성대학교,9,경영학과,5.42,5.63
경성대학교,9,경찰행정학과,5.11,5.23
경성대학교,9,국제무역통상학과,6.0,6.31
경성대학교,9,문헌정보학과,4.74,5.12
경성대학교,9,심리학과,5.24,5.49
경성대학교,9,인문문화학부,5.16,5.41
경성대학교,9,중국학과,5.35,7.03
경성대학교,9,회계학과,4.73,5.6
경운대학교,10,물리치료학과,4.0,4.9
경운대학교,10,반도체학과,5.6,6.5
경운대학교,10,항공정비학부,5.9,6.9
경운대학교,12,무인항공기학부,5.8,6.8
경운대학교,13,물리치료학과,3.6,4.1
경운대학교,15,산업재난안전학과,5.7,7.0
경운대학교,15,소프트웨어학부,6.1,7.2
경운대학교,15,항공정비학부,5.8,6.8
경운대학교,16,디자인융합학부,5.9,7.0
경운대학교,20,경찰행정학과,5.7,6.5
경운대학교,20,무인항공기학부,5.5,6.7
경운대학교,20,반도체학과,5.8,6.7
경운대학교,26,항공관제물류학부,5.4,6.5
경운대학교,27,임상병리학과,4.5,5.8
경운대학교,27,항공서비스학과,5.8,6.9
경운대학교,3,치위생학과,5.6,6.1
경운대학교,3,항공서비스학과,5.4,6.5
경운대학교,3,항공운항학과,4.0,5.0
경운대학교,3,항공정비학부,6.0,7.2
경운대학교,30,작업치료학과,4.9,6.1
경운대학교,32,항공운항학과,3.5,4.5
경운대학교,34,치위생학과,4.6,5.9
경운대학교,35,소프트웨어학부,5.9,7.0
경운대학교,4,항공관제물류학부,5.8,6.8
경운대학교,40,항공정비학부,5.5,6.7
경운대학교,43,보건의료상담복지학부,5.7,6.5
경운대학교,45,간호학과,3.8,4.6
경운대학교,5,무인항공기학부,6.0,7.3
경운대학교,5,임상병리학과,5.5,5.9
경운대학교,6,보건의료상담복지학부,5.9,7.1
경운대학교,7,무인항공기학부,5.9,6.9
경운대학교,9,치위생학과,5.1,6.1
경인교육대학교,18,초등교육과,2.91,3.03
경인교육대학교,20,초등교육과,4.36,5.77
경인교육대학교,21,초등교육과,2.29,2.4
경인교육대학교,215,초등교육과,2.25,2.37
경인교육대학교,3,초등교육과,1.72,4.34
경인교육대학교,4,초등교육과,2.63,3.54
경일대학교,10,소방방재학부,,4.06
경일대학교,12,노인체육복지학과,,5.67
경일대학교,15,사진영상학부,,3.93
경일대학교,16,응급구조학과,,4.79
경일대학교,2,경찰행정학과,,5.83
경일대학교,3,철도운전시스템학부,,4.92
경일대학교,30,간호학과,,3.15
경일대학교,5,부동산지적학과,,4.58
경희대학교,10,러시아어학과,4.6,5.35
경희대학교,10,철학과,2.14,2.37
경희대학교,10,회계·세무학과,3.58,3.79
경희대학교,11,스페인어학과,3.22,4.28
경희대학교,11,영어영문학과,2.32,3.51
경희대학교,11,일본어학과,4.2,4.43
경희대학교,11,프랑스어학과,4.06,4.33
경희대학교,12,응용영어통번역학과,3.49,3.74
경희대학교,14,글로벌커뮤니케이션학부,4.68,4.7
경희대학교,14,사학과,2.29,2.42
경희대학교,14,정치외교학과,1.99,2.06
경희대학교,14,중국어학과,4.47,4.6
경희대학교,14,행정학과,2.19,2.27
경희대학교,15,글로벌Hospitality·관광학과,3.91,4.04
경희대학교,16,무역학과,2.11,2.61
경희대학교,18,자율전공학부,1.85,1.89
경희대학교,20,경제학과,2.22,2.35
경희대학교,20,국어국문학과,2.34,3.89
경희대학교,21,관광·엔터테인먼트학부,2.38,2.51
경희대학교,22,조리&푸드디자인학과,1.88,2.07
경희대학교,25,미디어학과,1.93,2.04
경희대학교,28,Hospitality경영학과,3.97,4.4
경희대학교,45,국제학과,4.09,4.63
경희대학교,51,경영학과,2.2,2.37
경희대학교,6,빅데이터응용학과,1.96,2.05
경희대학교,7,한국어학과,2.86,3.97
경희대학교,8,사회학과,2.02,2.05
계명대학교,11,일본어일본학과,5.45,5.59
계명대학교,12,중국어중국학과,5.96,6.09
계명대학교,35,자율전공부,4.84,5.09
계명대학교,4,국어국문학과,5.14,5.14
계명대학교,4,기독교학과,6.3,6.3
계명대학교,4,독일유럽학과,6.26,6.26
계명대학교,4,한국어교육과,5.01,5.01
계명대학교,45,자율전공부,4.53,4.82
계명대학교,5,철학과,4.86,4.86
계명대학교,5,한국어교육과,6.4,6.45
계명대학교,6,국어국문학과,4.83,5.36
계명대학교,6,독일유럽학과,6.03,6.12
계명대학교,6,러시아중앙 아시아학과,6.33,6.7
계명대학교,6,사학과,5.12,5.13
계명대학교,6,스페인어 중남미학과,5.86,6.41
계명대학교,7,영어영문학과,5.77,5.89
계명대학교,8,중국어중국학과,6.43,6.66
계명대학교,9,영어영문학과,5.59,6.27
고려대학교,,경영대학,2.26,2.54
고려대학교,,경제학과,2.13,2.64
고려대학교,,공과대학,1.88,2.03
고려대학교,,국어국문학과,2.54,2.64
고려대학교,,노어노문학과,3.26,3.43
고려대학교,,독어독문학과,2.78,3.17
고려대학교,,물리학과,1.94,1.97
고려대학교,,불어불문학과,2.99,3.36
고려대학교,,사학과,2.07,2.41
고려대학교,,사회학과,1.78,1.93
고려대학교,,생명공학부,1.67,1.99
고려대학교,,생명과학부,1.75,1.91
고려대학교,,서어서문학과,2.82,3.09
고려대학교,,수학과,1.78,2.01
고려대학교,,식품공학과,1.65,1.96
고려대학교,,식품자원경제학과,1.9,2.32
고려대학교,,신소재공학부,1.81,2.04
고려대학교,,언어학과,2.17,2.43
고려대학교,,영어영문학과,2.41,2.86
고려대학교,,일어일문학과,2.61,2.78
고려대학교,,정치외교학과,1.74,2.38
고려대학교,,중어중문학과,2.19,2.54
고려대학교,,지구환경과학과,2.02,2.05
고려대학교,,철학과,2.12,2.31
고려대학교,,통계학과,1.94,2.36
고려대학교,,한국사학과,2.07,2.28
고려대학교,,한문학과,2.07,2.1
고려대학교,,행정학과,1.81,2.12
고려대학교,,화공생명공학과,1.7,1.95
고려대학교,,화학과,1.76,1.9
고려대학교,,환경생태공학부,1.89,2.12
공주교육대학교,123,초등교육과,2.81,3.02
공주교육대학교,53,초등교육과,2.4,2.61
광신대학교,,복지상담 융합학부,,8.0
광신대학교,,신학과,,7.0
광주교육대학교,10,(농어촌학생전형),3.25,3.68
광주교육대학교,40,(광주인재전형),2.68,2.95
광주교육대학교,40,(교직적성우수자전형),2.55,2.75
광주교육대학교,40,(전남인재전형),2.77,3.04
광주교육대학교,60,(전라남도교육감추천전형),2.91,3.14
광주교육대학교,7,(기초생활수급자/ 차상위계층/한부모가족전형),2.94,3.17
광주교육대학교,7,(다문화가정전형),3.26,3.58
광주교육대학교,7,(사회통합전형),3.87,4.38
교통대학교,10,기계공학과,4.31,4.52
교통대학교,10,자동차공학과,4.92,5.33
교통대학교,12,중국어학과,5.39,5.51
교통대학교,13,건축학과(5년제),3.87,4.06
교통대학교,14,나노화학소재공학과,5.31,5.76
교통대학교,14,산업경영공학과,4.73,5.29
교통대학교,14,안전공학과,4.72,5.37
교통대학교,15,화공생물공학과,4.71,5.09
교통대학교,16,건축공학과,4.71,4.95
교통대학교,17,영어영문학과,4.85,5.06
교통대학교,17,컴퓨터공학과,4.15,4.38
교통대학교,21,항공서비스학과,3.44,3.71
교통대학교,27,건설환경도시교통공학부,5.1,5.4
교통대학교,28,항공.기계설계학과,4.46,4.59
교통대학교,30,전자공학과,4.56,4.92
교통대학교,6,산업디자인학과,4.15,4.38
교통대학교,7,반도체신소재공학과,5.01,5.06
교통대학교,7,커뮤니케이션디자인학과,4.41,4.52
교통대학교,7,컴퓨터소프트웨어학과,2.92,2.98
교통대학교,9,전기공학과,3.1,4.16
국립군산대학교,10,경영학부,6.2,6.83
국립군산대학교,10,전기공학과,5.73,6.38
국립군산대학교,2,수학과,5.85,5.85
국립군산대학교,3,기관공학과,5.41,5.41
국립군산대학교,3,신소재공학과,3.54,3.54
국립군산대학교,3,철학과,5.13,5.13
국립군산대학교,37,컴퓨터소프트웨어특성화대학,6.97,7.34
국립군산대학교,4,해양수산공공인재학과,6.06,6.47
국립군산대학교,4,화학공학과,4.84,4.84
국립군산대학교,5,국어국문학과,5.65,5.65
국립군산대학교,5,벤처창업학과,5.35,5.35
국립군산대학교,5,역사학과,4.74,5.84
국립군산대학교,5,영어영문학과,5.66,7.14
국립군산대학교,5,일어일문학과,6.01,6.66
국립군산대학교,5,중어중문학과,6.4,6.4
국립군산대학교,6,국제물류학과,6.37,6.42
국립군산대학교,6,금융부동산경제학과,5.28,5.28
국립군산대학교,6,무역학과,5.47,5.47
국립군산대학교,6,생명과학과,5.67,5.7
국립군산대학교,6,전자공학과,5.8,5.92
국립군산대학교,7,식품영양학과,5.59,5.89
국립군산대학교,7,첨단과학기술학부,7.39,8.14
국립군산대학교,7,해양생물자원학과,5.77,6.52
국립군산대학교,7,환경공학과,6.21,6.65
국립군산대학교,8,미디어문화학부,5.52,5.93
국립군산대학교,8,수산생명의학과,5.64,5.9
국립군산대학교,9,토목공학과,5.91,6.29
국립군산대학교,9,회계학부,5.96,6.57
국립금오공과대학교,10,자유전공학부,5.678,7.232
국립금오공과대학교,2,문화관광학전공,7.046,7.046
국립금오공과대학교,2,중국어문·문화학전공,5.62,5.62
국립금오공과대학교,2,지구환경과학전공,5.054,5.054
국립금오공과대학교,3,경제학전공,5.442,5.442
국립금오공과대학교,3,국어국문학전공,5.25,5.25
국립금오공과대학교,3,무역학전공,4.986,4.986
국립금오공과대학교,3,문화유산학전공,5.552,5.552
국립금오공과대학교,4,건설시스템공학전공,5.5,5.5
국립금오공과대학교,4,미디어문화커뮤니케이션학전공,5.932,6.054
국립금오공과대학교,4,법학전공,5.998,5.998
국립금오공과대학교,4,생명과학전공,6.214,6.214
국립금오공과대학교,4,식물의학전공,3.4,3.4
국립금오공과대학교,5,건축공학전공,5.146,5.146
국립금오공과대학교,5,경영학전공,5.276,5.526
국립금오공과대학교,5,사학전공,5.262,5.558
국립금오공과대학교,5,산림과학전공,4.96,5.272
국립금오공과대학교,5,소프트웨어융합전공,5.546,5.652
국립금오공과대학교,5,스마트원예과학전공,3.694,5.602
국립금오공과대학교,5,식품생명공학전공,3.35,3.35
국립금오공과대학교,5,전자공학전공,5.294,5.294
국립금오공과대학교,5,패션라이프스타일학전공,5.326,5.326
국립금오공과대학교,5,행정학전공,4.882,4.948
국립금오공과대학교,5,회계세무학전공,5.76,5.76
국립금오공과대학교,6,백신생명공학전공,4.052,5.01
국립금오공과대학교,6,컴퓨터공학전공,5.616,5.616
국립목포대학교,10,글로벌 커뮤니케이션학부,6.44,6.55
국립목포대학교,10,기계조선해양공학부,6.6,7.25
국립목포대학교,10,지적학과,4.22,4.41
국립목포대학교,11,전기공학과,4.84,5.38
국립목포대학교,13,건축학과(5년제),5.01,5.22
국립목포대학교,16,건축·토목·환경공학부,6.08,6.47
국립목포대학교,16,경영학부,6.49,6.82
국립목포대학교,17,인문콘텐츠학부,6.57,6.86
국립목포대학교,18,컴퓨터학부,6.01,6.3
국립목포대학교,29,간호학과,3.82,3.93
국립목포대학교,5,간호학과,3.89,4.06
국립목포대학교,5,교육학과,4.87,4.74
국립목포대학교,5,약학과,1.66,1.68
국립목포대학교,6,패션의류학과,6.44,6.28
국립목포대학교,7,경제무역학부,6.64,7.21
국립목포대학교,7,아트앤디자인학부,6.08,6.5
국립목포대학교,8,사회복지학과,5.14,5.36
국립목포대학교,8,식품영양학과,5.86,5.87
국립목포대학교,8,영어교육과,5.28,5.88
국립목포대학교,8,원예산림학부,5.99,6.38
국립목포대학교,8,환경교육과,6.1,6.25
국립목포대학교,9,도시계획 및 조경학부,6.17,6.72
국립목포대학교,9,법·경찰학부,5.05,5.33
국립목포대학교,9,식품·제약공학부,6.43,7.08
국립목포대학교,9,체육학과,4.56,4.96
국립목포대학교,9,행정·언론미디어학부,5.59,5.79
국립목포대학교,기회균형전형,기회균형전형,6.23,6.85
국립부경대학교,,경영학부,4.02,4.03
국립부경대학교,,에너지수송시스템공학부,4.31,4.45
국립부경대학교,,융합소재공학부,4.81,5.56
국립부경대학교,,전기공학부,4.16,4.29
국립부경대학교,10,기계공학부,3.47,3.63
국립부경대학교,11,전기공학부,3.42,3.52
국립부경대학교,18,인문사회과학대학 자유전공학부,3.76,4.12
국립부경대학교,33,공과대학자유전공학부,3.77,3.96
국립부경대학교,5,국제지역학부,4.12,4.79
국립부경대학교,5,법학과,3.61,3.61
국립부경대학교,5,영어영문학부,3.76,3.9
국립부경대학교,5,일어일문학부,4.0,4.11
국립부경대학교,6,경제학과,3.72,3.78
국립부경대학교,6,자연과학대학자유전공학부,3.83,3.96
국립부경대학교,6,행정복지학부,3.24,3.39
국립부경대학교,7,국제통상학부,4.03,4.54
국립부경대학교,8,경영대학 자유전공학부,3.65,3.72
국립부경대학교,8,에너지수송시스템공학부,3.79,3.97
국립부경대학교,9,경영학부,3.14,3.32
국립부경대학교,9,유아교육과,3.63,3.9
국립창원대학교,10,경영계열자율전공학부,4.48,4.55
국립창원대학교,10,사회계열자율전공학부,4.63,4.73
국립창원대학교,10,중국학과,6.21,6.48
국립창원대학교,21,사림아너스학부,4.63,5.03
국립창원대학교,3,불어불문학과,5.77,5.78
국립창원대학교,4,독어독문학과,5.33,5.61
국립창원대학교,4,미디어커뮤니케이션학과,3.61,4.14
국립창원대학교,4,사회복지학과,3.97,4.37
국립창원대학교,4,영어영문학과,4.93,5.1
국립창원대학교,4,전자공학과,4.36,4.58
국립창원대학교,5,경영학과,4.13,4.15
국립창원대학교,5,국어국문학과,4.96,5.09
국립창원대학교,5,국제관계학과,4.97,5.0
국립창원대학교,5,불어불문학과,5.83,6.19
국립창원대학교,5,사학과,5.1,5.48
국립창원대학교,5,사회학과,4.66,5.09
국립창원대학교,5,세무학과,3.48,4.03
국립창원대학교,5,스마트그린공학부 환경에너지공학전공,5.28,5.59
국립창원대학교,5,식품영양학과,4.93,5.21
국립창원대학교,5,의류학과,5.52,5.68
국립창원대학교,5,지능로봇융합공학과,4.9,5.04
국립창원대학교,5,특수교육과,4.07,4.37
국립창원대학교,5,행정학과,4.84,5.55
국립창원대학교,6,글로벌비즈니스학부,5.38,5.59
국립창원대학교,6,법학과,4.14,4.36
국립창원대학교,6,신소재공학부,4.87,5.54
국립창원대학교,6,철학과,5.07,5.43
국립창원대학교,6,회계학과,3.96,4.24
국립창원대학교,7,간호학과,3.45,3.58
국립창원대학교,7,국제관계학과,5.06,5.15
국립창원대학교,7,국제무역학과,4.76,4.93
국립창원대학교,7,법학과,4.66,4.75
국립창원대학교,7,유아교육과,4.27,4.32
국립창원대학교,7,일어일문학과,4.75,4.8
국립창원대학교,7,철학과,5.74,6.07
국립창원대학교,7,컴퓨터공학과,4.0,4.06
국립창원대학교,8,기계공학부 스마트제조융합전공,4.11,4.59
국립창원대학교,8,인문계열자율전공학부,5.33,5.77
국립한밭대학교,10,컴퓨터공학과,3.99,4.0
국립한밭대학교,11,건설환경공학과,4.88,5.05
국립한밭대학교,11,설비공학과,5.5,5.53
국립한밭대학교,11,전기공학과,4.64,4.74
국립한밭대학교,11,전자공학과,4.89,5.08
국립한밭대학교,18,산업경영공학과,5.49,5.54
국립한밭대학교,19,기계공학과,4.72,4.96
국립한밭대학교,19,화학생명공학과,4.32,4.38
국립한밭대학교,20,기계공학과,4.9,5.12
국립한밭대학교,22,신소재공학과,4.7,4.92
국립한밭대학교,22,전자공학과,4.59,4.83
국립한밭대학교,26,건설환경공학과,5.4,5.62
국립한밭대학교,28,창의융합학과,5.29,5.36
국립한밭대학교,4,건축공학과,4.37,4.96
국립한밭대학교,4,건축학과(5년제),3.84,4.21
국립한밭대학교,4,산업경영공학과,5.57,5.87
국립한밭대학교,4,정보통신공학과,5.03,5.15
국립한밭대학교,5,모바일융합공학과,5.06,5.15
국립한밭대학교,5,반도체시스템공학과,4.63,4.71
국립한밭대학교,5,인공지능 소프트웨어학과,4.17,4.61
국립한밭대학교,5,지능미디어공학과,4.7,4.74
국립한밭대학교,6,기계공학과,4.86,5.16
국립한밭대학교,6,화학생명공학과,4.29,4.41
국립한밭대학교,7,건설환경공학과,5.62,5.68
국립한밭대학교,7,도시공학과,5.07,5.09
국립한밭대학교,7,산업경영공학과,5.8,6.0
국립한밭대학교,7,설비공학과,5.49,5.54
국립한밭대학교,7,컴퓨터공학과,4.3,4.65
국립한밭대학교,8,건축공학과,4.63,4.81
국립한밭대학교,8,신소재공학과,4.85,5.04
국립한밭대학교,8,전기공학과,5.2,5.23
국민대학교,1,건축대학,3.04,3.04
국민대학교,1,러시아·유라시아학과,3.41,3.41
국민대학교,1,일본학과,3.01,3.01
국민대학교,10,국제통상학과,2.73,2.87
국민대학교,10,미디어·광고학부 광고홍보학전공,2.68,2.79
국민대학교,10,시각디자인학과,3.04,3.42
국민대학교,10,식품영양학과,2.89,3.27
국민대학교,10,응용화학부 나노소재전공,2.4,2.45
국민대학교,10,정치외교학과,2.58,2.59
국민대학교,10,한국역사학과,2.8,2.81
국민대학교,11,경제학과,2.76,2.82
국민대학교,11,인공지능학부,2.66,2.78
국민대학교,12,신소재공학부 기계금속재료전공,2.65,2.79
국민대학교,12,신소재공학부 전자화학재료전공,2.56,2.64
국민대학교,12,전자공학부 지능형ICT융합전공,2.83,3.01
국민대학교,13,건축학부[자연],2.53,2.6
국민대학교,13,영어영문학부,2.9,4.59
국민대학교,13,전자공학부 지능형ICT융합전공,2.97,3.08
국민대학교,13,전자공학부 지능형반도체융합전자전공,2.64,2.85
국민대학교,13,행정학과,2.55,2.61
국민대학교,14,건설시스템공학부,3.05,3.28
국민대학교,14,경제학과,2.55,2.66
국민대학교,14,창의공과대학,3.43,3.61
국민대학교,15,AI디자인학과,2.64,3.04
국민대학교,15,건설시스템공학부,2.89,3.36
국민대학교,15,경영학부,2.63,2.75
국민대학교,16,법학부,2.6,2.64
국민대학교,16,자동차융합대학,2.61,2.69
국민대학교,17,전자공학부 지능형반도체융합전자전공,2.55,2.61
국민대학교,18,정보보안암호수학과,2.61,2.71
국민대학교,2,AI빅데이터융합경영학과[자연],2.35,2.35
국민대학교,2,경영정보학부[자연],3.14,3.14
국민대학교,2,교육학과,2.09,2.09
국민대학교,2,미디어·광고학부,2.41,2.41
국민대학교,2,미디어·광고학부 미디어전공,2.53,2.53
국민대학교,2,사회학과,2.54,2.54
국민대학교,2,스포츠산업레저학과,2.74,2.74
국민대학교,2,인공지능학부,2.24,2.24
국민대학교,2,정치외교학과,2.32,2.32
국민대학교,2,중국학부 중국어문전공,4.38,4.38
국민대학교,2,중국학부 중국정경전공,3.29,3.29
국민대학교,2,한국어문학부,2.29,2.29
국민대학교,2,한국어문학부 국어국문학전공,3.34,3.34
국민대학교,2,한국역사학과,2.79,2.79
국민대학교,20,소프트웨어학부,2.52,2.66
국민대학교,26,자동차융합대학,2.77,2.91
국민대학교,3,AI빅데이터융합경영학과[인문],2.67,2.67
국민대학교,3,경상대학,1.5,2.02
국민대학교,3,법과대학,2.87,2.98
국민대학교,3,영어영문학부,1.98,2.57
국민대학교,3,중국학부,2.46,3.6
국민대학교,3,중국학부 중국정경전공,3.91,3.94
국민대학교,3,행정학과,2.41,2.85
국민대학교,30,기계공학부,2.84,2.97
국민대학교,37,기계공학부,2.95,3.24
국민대학교,38,경영학부,2.53,2.69
국민대학교,4,소프트웨어융합대학,1.4,1.4
국민대학교,4,소프트웨어학부,1.93,1.93
국민대학교,4,영어영문학부,3.38,3.38
국민대학교,4,일본학과,2.61,2.61
국민대학교,4,자동차융합대학,4.5,4.5
국민대학교,4,정보보안암호수학과,2.61,2.61
국민대학교,5,경영정보학부[인문],2.76,2.95
국민대학교,5,경영정보학부[자연],2.79,3.02
국민대학교,5,경영학부 글로벌경영전공,5.12,5.21
국민대학교,5,국제통상학과,2.57,2.59
국민대학교,5,전자공학부 지능전자공학전공,2.58,2.66
국민대학교,5,한국어문학부 국어국문학전공,2.49,2.5
국민대학교,6,AI빅데이터융합경영학과[자연],2.6,2.78
국민대학교,6,글로벌인문·지역대학,2.77,3.18
국민대학교,6,러시아·유라시아학과,3.04,4.59
국민대학교,6,미래모빌리티학과,3.15,3.27
국민대학교,6,사회과학대학,2.9,3.24
국민대학교,6,일본학과,3.45,3.68
국민대학교,7,AI빅데이터융합경영학과[인문],3.01,3.02
국민대학교,7,경영정보학부[인문],2.61,2.86
국민대학교,7,교육학과,2.51,2.54
국민대학교,7,사회학과,2.65,2.66
국민대학교,7,산림환경시스템학과,2.74,2.74
국민대학교,7,식품영양학과,3.15,3.19
국민대학교,7,응용화학부 바이오의약전공,2.1,2.24
국민대학교,7,임산생명공학과,2.74,2.75
국민대학교,7,전자공학부 지능전자공학전공,2.54,2.59
국민대학교,7,중국학부 중국어문전공,4.36,4.57
국민대학교,8,경영대학,3.22,4.13
국민대학교,8,과학기술대학,2.75,2.93
국민대학교,8,나노전자물리학과,2.89,2.92
국민대학교,8,미디어·광고학부 미디어전공,2.38,2.46
국민대학교,8,바이오발효융합학과,2.5,2.62
국민대학교,8,산림환경시스템학과,2.68,2.69
국민대학교,8,스포츠건강재활학과,3.35,3.35
국민대학교,8,응용화학부 나노소재전공,2.75,2.87
국민대학교,8,응용화학부 바이오의약전공,2.05,2.15
국민대학교,8,중국학부 중국정경전공,4.2,4.42
국민대학교,8,한국어문학부 국어국문학전공,2.69,2.76
국민대학교,9,건축학부[자연],2.27,2.35
국민대학교,9,나노전자물리학과,2.79,3.09
국민대학교,9,사회학과,2.58,2.71
국민대학교,9,신소재공학부 기계금속재료전공,2.76,2.95
국민대학교,9,신소재공학부 전자화학재료전공,2.39,2.43
국민대학교,9,정치외교학과,2.58,2.61
국민대학교,9,중국학부 중국어문전공,3.69,4.04
국민대학교,9,한국역사학과,2.46,2.5
김천대학교,기회균형전형,기회균형전형,5.68,5.86
김천대학교,지역인재전형,지역인재전형,5.11,5.11
나사렛대학교,,간호학과,3.507,3.7
나사렛대학교,10,기독교학부,6.502,6.502
나사렛대학교,10,사회복지학부,6.23,6.601
나사렛대학교,10,상담심리학과,5.107,5.491
나사렛대학교,10,중등특수교육과,4.372,4.372
나사렛대학교,11,응급구조학과,5.15,5.183
나사렛대학교,12,휴먼재활학부,5.937,5.937
나사렛대학교,15,사회복지학부,5.637,5.846
나사렛대학교,15,특수교육과,4.524,4.829
나사렛대학교,18,간호학과,3.256,3.451
나사렛대학교,25,재활자립학부,6.614,7.005
나사렛대학교,5,방송시각영상디자인학 부,5.539,5.646
나사렛대학교,5,아동심리교육학과,5.633,5.633
나사렛대학교,5,유아특수교육과,5.538,5.713
나사렛대학교,5,재활스포츠학부,5.755,6.394
나사렛대학교,5,재활자립학부,6.804,7.045
나사렛대학교,6,물리치료학과,3.192,3.208
나사렛대학교,6,언어치료학과,4.607,4.95
나사렛대학교,6,임상병리학과,3.945,4.105
나사렛대학교,6,휴먼재활학부,3.342,3.342
나사렛대학교,7,경찰행정학부,5.679,5.725
나사렛대학교,기초생활수급자전형,기초생활수급자전형,4.45,5.336
나사렛대학교,농어촌학생전형,농어촌학생전형,4.187,4.829
나사렛대학교,장애학생전형,장애학생전형,6.408,6.408
나사렛대학교,특성화고졸업자전형,졸업자전형,4.917,5.111
단국대학교,,건축학부(건축공학전공),2.99,2.99
단국대학교,,경영공학과,5.33,5.33
단국대학교,,경영학부,2.41,2.41
단국대학교,,경제학과,2.94,2.94
단국대학교,,고분자시스템공학부 (고분자공학전공),3.51,3.51
단국대학교,,고분자시스템공학부 (파이버융합소재공학전공),2.96,2.96
단국대학교,,공공정책학과,4.82,4.82
단국대학교,,공공정책학과(야),5.51,5.51
단국대학교,,국어국문학과,2.88,2.88
단국대학교,,글로벌한국어과,5.19,5.19
단국대학교,,기계공학과,3.34,3.34
단국대학교,,도시계획ㆍ부동산학부,3.72,3.72
단국대학교,,무역학과,2.73,2.73
단국대학교,,미디어커뮤니케이션학부,2.51,2.51
단국대학교,,법학과,2.92,2.92
단국대학교,,보건행정학과,4.24,4.24
단국대학교,,사학과,3.41,3.41
단국대학교,,사회복지학과,5.24,5.24
단국대학교,,산업경영학과(야),3.1,3.1
단국대학교,,상담학과,2.82,2.82
단국대학교,,생명자원학부(녹지조경학전공),4.8,4.8
단국대학교,,생명자원학부(동물생명공학전공),4.53,4.53
단국대학교,,생명자원학부(식량생명공학전공),3.98,3.98
단국대학교,,생명자원학부(환경원예학전공),5.51,5.51
단국대학교,,소프트웨어학과,3.4,3.4
단국대학교,,수학과,5.12,5.12
단국대학교,,식품영양학과,3.84,3.84
단국대학교,,식품자원경제학과,3.74,3.74
단국대학교,,신소재공학과,5.11,5.11
단국대학교,,심리치료학과,3.34,3.34
단국대학교,,아시아중동학부(몽골학전공),4.1,4.1
단국대학교,,아시아중동학부(일본학전공),4.0,4.0
단국대학교,,아시아중동학부(중동학전공),5.17,5.17
단국대학교,,에너지공학과,5.26,5.51
단국대학교,,영미인문학과,3.39,3.39
단국대학교,,영어과,5.02,5.02
단국대학교,,유럽중남미학부(독일학전공),5.64,5.64
단국대학교,,유럽중남미학부(러시아학전공),5.76,5.76
단국대학교,,유럽중남미학부(스페인중남미학전공),5.0,5.0
단국대학교,,유럽중남미학부(포르투갈브라질학전공),5.28,5.28
단국대학교,,융합반도체공학과,3.23,3.23
단국대학교,,의생명과학부(미생물학전공),5.46,5.5
단국대학교,,의생명과학부(생명과학전공),3.98,3.98
단국대학교,,의생명과학부(의생명시스템학전공),4.06,4.06
단국대학교,,의예과,1.29,1.29
단국대학교,,인문사회계열광역,4.92,4.97
단국대학교,,자연공학계열광역,5.22,5.56
단국대학교,,전자전기공학과,3.0,3.0
단국대학교,,정치외교학과,3.1,3.1
단국대학교,,제약공학과,2.8,2.8
단국대학교,,철학과,3.57,3.57
단국대학교,,컴퓨터공학과,2.91,2.91
단국대학교,,토목환경공학과,2.7,2.7
단국대학교,,통계데이터사이언스학과,2.76,2.76
단국대학교,,행정학과,3.33,3.33
단국대학교,,화학공학과,3.04,3.04
단국대학교,1,건축학부 [건축학전공(5년제)],3.51,3.51
단국대학교,1,건축학부(건축공학전공),3.77,3.77
단국대학교,1,경제학과,3.62,3.62
단국대학교,1,고분자시스템공학부 (고분자공학전공),3.17,3.17
단국대학교,1,고분자시스템공학부 (파이버융합소재공학전공),3.75,3.75
단국대학교,1,국어국문학과,3.29,3.29
단국대학교,1,기계공학과,2.79,2.79
단국대학교,1,도시계획ㆍ부동산학부,4.76,4.76
단국대학교,1,무역학과,4.93,4.93
단국대학교,1,미디어커뮤니케이션학부,4.67,4.67
단국대학교,1,사이버보안학과,2.71,2.71
단국대학교,1,사학과,3.85,3.85
단국대학교,1,상담학과,4.07,4.07
단국대학교,1,영미인문학과,5.99,5.99
단국대학교,1,정치외교학과,3.71,3.71
단국대학교,1,철학과,3.62,3.62
단국대학교,1,통계데이터사이언스학과,2.49,2.49
단국대학교,1,행정학과,2.94,2.94
단국대학교,10,에너지공학과,3.77,3.86
단국대학교,100,산업경영학과(야),4.63,5.24
단국대학교,11,고분자시스템공학부 (고분자공학전공),2.68,2.74
단국대학교,12,전자전기공학과,2.81,2.9
단국대학교,15,문예창작과,3.68,3.81
단국대학교,15,토목환경공학과,3.22,3.49
단국대학교,15,화학공학과,2.77,2.94
단국대학교,17,경영학부,2.65,2.67
단국대학교,2,건축학부 [건축학전공(5년제)],3.66,3.66
단국대학교,2,건축학부(건축공학전공),4.66,4.66
단국대학교,2,경제학과,2.99,2.99
단국대학교,2,고분자시스템공학부 (고분자공학전공),3.03,3.03
단국대학교,2,고분자시스템공학부 (파이버융합소재공학전공),4.61,4.61
단국대학교,2,국어국문학과,3.3,3.3
단국대학교,2,기계공학과,3.54,3.54
단국대학교,2,도시계획ㆍ부동산학부,3.83,3.83
단국대학교,2,모바일시스템공학과,3.69,3.69
단국대학교,2,무역학과,3.01,3.01
단국대학교,2,법학과,3.61,3.61
단국대학교,2,사학과,3.42,3.42
단국대학교,2,상담학과,3.08,3.08
단국대학교,2,융합반도체공학과,3.78,3.78
단국대학교,2,전자전기공학과,3.73,3.73
단국대학교,2,철학과,2.56,2.56
단국대학교,2,컴퓨터공학과,4.15,4.15
단국대학교,2,토목환경공학과,3.4,3.4
단국대학교,2,화학공학과,2.71,2.71
단국대학교,20,치의예과,1.25,1.4
단국대학교,3,경영학부,3.99,3.99
단국대학교,3,고분자시스템공학부 (고분자공학전공),4.24,4.24
단국대학교,3,국제경영학과,3.29,3.29
단국대학교,3,도시계획ㆍ부동산학부,3.71,3.71
단국대학교,3,미디어커뮤니케이션학부,2.59,2.59
단국대학교,3,법학과,2.5,2.5
단국대학교,3,상담학과,3.18,3.18
단국대학교,3,소프트웨어학과,2.98,2.98
단국대학교,3,영미인문학과,4.48,4.48
단국대학교,3,융합반도체공학과,4.36,4.36
단국대학교,3,정치외교학과,2.83,2.83
단국대학교,3,컴퓨터공학과,3.7,3.7
단국대학교,3,토목환경공학과,3.82,3.82
단국대학교,3,통계데이터사이언스학과,4.1,4.1
단국대학교,3,행정학과,4.77,4.77
단국대학교,3,화학공학과,3.25,3.25
단국대학교,30,인문계열광역,3.27,3.63
단국대학교,37,사회계열광역,3.69,4.03
단국대학교,4,경영학부,3.4,3.4
단국대학교,4,경제학과,3.26,3.26
단국대학교,4,국어국문학과,2.58,2.58
단국대학교,4,글로벌한국어과,4.02,4.02
단국대학교,4,기계공학과,4.01,4.01
단국대학교,4,무역학과,2.52,2.52
단국대학교,4,사학과,2.69,2.69
단국대학교,4,소프트웨어학과,3.19,3.19
단국대학교,4,영미인문학과,2.44,2.44
단국대학교,4,전자전기공학과,3.41,3.41
단국대학교,4,컴퓨터공학과,2.38,2.38
단국대학교,4,화학공학과,3.3,3.3
단국대학교,40,의예과,1.3,1.48
단국대학교,41,사회계열광역,2.85,3.01
단국대학교,5,과학교육과,2.44,2.44
단국대학교,5,도시계획ㆍ부동산학부,2.77,2.83
단국대학교,5,미디어커뮤니케이션학부,2.38,2.66
단국대학교,5,아시아중동학부(베트남학전공),4.92,5.11
단국대학교,5,유럽중남미학부(독일학전공),4.18,4.74
단국대학교,5,유럽중남미학부(포르투갈브라질학전공),4.29,4.29
단국대학교,5,유럽중남미학부(프랑스학전공),4.9,4.9
단국대학교,5,한문교육과,2.98,3.12
단국대학교,5,행정학과,3.0,3.14
단국대학교,51,인문사회계열광역,4.1,4.28
단국대학교,6,경영학부,2.7,2.84
단국대학교,6,경제학과,2.65,2.79
단국대학교,6,수학교육과,2.19,2.33
단국대학교,64,자연공학계열광역,3.9,4.1
단국대학교,7,고분자시스템공학부 (파이버융합소재공학전공),2.83,3.1
단국대학교,7,무역학과,2.88,2.9
단국대학교,7,물리학과,4.44,4.47
단국대학교,7,소프트웨어학과,3.01,3.11
단국대학교,7,아시아중동학부(몽골학전공),4.49,4.61
단국대학교,7,아시아중동학부(중동학전공),4.3,4.79
단국대학교,7,유럽중남미학부(러시아학전공),4.87,5.85
단국대학교,7,특수교육과,2.83,2.86
단국대학교,8,건축학부(건축공학전공),2.99,3.01
단국대학교,8,경영공학과,4.14,4.27
단국대학교,8,경영학부,3.35,3.36
단국대학교,8,법학과,2.58,2.63
단국대학교,8,사회복지학과,3.68,3.85
단국대학교,8,수학과,3.95,4.05
단국대학교,8,식품영양학과,3.62,3.67
단국대학교,8,신소재공학과,3.47,3.48
단국대학교,8,아시아중동학부(일본학전공),3.84,3.93
단국대학교,8,아시아중동학부(중국학전공),4.13,4.48
단국대학교,8,약학과,1.39,1.4
단국대학교,8,영어과,3.71,3.74
단국대학교,8,인문계열광역,3.15,3.27
단국대학교,8,화학과,3.6,3.69
단국대학교,9,건축학부 [건축학전공(5년제)],2.58,2.76
단국대학교,9,공공정책학과,3.56,3.69
단국대학교,9,공공정책학과(야),5.21,5.4
단국대학교,9,기계공학과,2.92,3.03
단국대학교,9,보건행정학과,3.95,4.21
단국대학교,9,생명자원학부(식량생명공학전공),3.48,3.78
단국대학교,9,식품자원경제학과,4.0,4.12
단국대학교,9,심리치료학과,3.69,3.9
단국대학교,9,유럽중남미학부(스페인중남미학전공),3.64,4.21
단국대학교,9,융합반도체공학과,2.91,3.04
단국대학교,9,제약공학과,2.85,3.0
대구가톨릭대학교,10,건축공학과,5.92,6.35
대구가톨릭대학교,10,소방방재학과,4.84,5.1
대구가톨릭대학교,10,식품영양학과,5.05,5.2
대구가톨릭대학교,10,심리학과,4.05,4.6
대구가톨릭대학교,10,외식조리제과제빵학과,4.71,5.03
대구가톨릭대학교,10,컴퓨터소프트웨어학부,6.21,6.63
대구가톨릭대학교,12,의예과,1.76,2.03
대구가톨릭대학교,12,자율전공학부,5.09,5.45
대구가톨릭대학교,12,컴퓨터소프트웨어학부,5.5,5.87
대구가톨릭대학교,20,컴퓨터소프트웨어학부,4.96,5.51
대구가톨릭대학교,3,AI빅데이터공학과,6.75,7.08
대구가톨릭대학교,3,반려동물보건학과,3.71,3.79
대구가톨릭대학교,3,소프트웨어융합학과,6.5,6.6
대구가톨릭대학교,4,안경광학과,4.96,5.34
대구가톨릭대학교,5,문헌정보학과,4.84,4.97
대구가톨릭대학교,5,배터리공학과,6.71,7.13
대구가톨릭대학교,5,보건의료경영학과,5.3,5.55
대구가톨릭대학교,5,소프트웨어융합학과,6.0,6.0
대구가톨릭대학교,5,약학부,1.68,1.74
대구가톨릭대학교,5,영어학과,6.25,6.25
대구가톨릭대학교,5,전기공학과,3.96,4.34
대구가톨릭대학교,5,제약공학과,4.75,4.98
대구가톨릭대학교,5,호텔관광학과,6.42,6.42
대구가톨릭대학교,6,경영학과,5.25,5.25
대구가톨릭대학교,6,글로벌항공서비스학과,5.0,5.27
대구가톨릭대학교,6,기계공학과,5.25,5.35
대구가톨릭대학교,6,물리치료학과,2.75,2.95
대구가톨릭대학교,6,보건관리학과,5.59,6.02
대구가톨릭대학교,6,회계세무학과,4.25,4.25
대구가톨릭대학교,7,로봇공학과,6.46,6.81
대구가톨릭대학교,7,미래자동차공학과,6.13,6.68
대구가톨릭대학교,7,언어청각치료학과,4.75,5.22
대구가톨릭대학교,8,건축학과,4.46,4.64
대구가톨릭대학교,8,문화콘텐츠학과,5.21,5.53
대구가톨릭대학교,8,방사선학과,3.04,3.22
대구가톨릭대학교,8,일어일문학과,5.42,5.78
대구교육대학교,100명,초등교육과,2.73,2.94
대구교육대학교,10명,초등교육과,3.69,5.14
대구교육대학교,11명,초등교육과,2.92,3.72
대구교육대학교,50명,초등교육과,2.98,3.3
대구교육대학교,6명,초등교육과,3.88,4.17
대구교육대학교,80명,초등교육과,3.12,3.43
대구대학교,10,기계자동차공학부,6.64,6.73
대구대학교,10,미디어커뮤니케이션학부,5.45,5.62
대구대학교,10,아동가정복지학과,6.25,6.8
대구대학교,10,청소년상담복지학과,5.92,5.92
대구대학교,11,경찰학부(자치경찰학전공),5.06,5.34
대구대학교,12,심리학과,4.88,5.06
대구대학교,13,경영학부,6.66,7.28
대구대학교,14,응급구조학과,5.35,5.35
대구대학교,18,반려동물산업학과,5.54,5.54
대구대학교,19,경찰학부(경찰행정학전공),4.45,4.68
대구대학교,3,스마트원예학과,5.7,6.21
대구대학교,3,전자전기공학부(반도체전자공학전공),6.54,6.87
대구대학교,3,전자전기공학부(전기공학전공),6.28,7.29
대구대학교,33,자유전공학부,6.7,7.33
대구대학교,35,사회복지학과,5.02,5.02
대구대학교,4,식품가공학과,6.29,6.29
대구대학교,4,식품영양학과,5.61,5.92
대구대학교,4,조경산림정원학과,6.52,6.52
대구대학교,4,평생교육실버복지학과,6.11,6.4
대구대학교,5,경제금융통상학과,6.77,7.45
대구대학교,5,공공안전학부(소방·행정학전공),5.5,5.89
대구대학교,5,국방군사학과,6.48,7.01
대구대학교,5,동물자원학과,6.8,7.06
대구대학교,5,문헌정보학과,5.5,5.86
대구대학교,5,보건의료학과,5.79,6.71
대구대학교,5,부동산·지적학과,5.66,6.79
대구대학교,5,소방안전방재학과,5.8,5.81
대구대학교,5,일본어일본학과,6.05,6.05
대구대학교,7,건축공학과,6.27,6.85
대구대학교,8,공공안전학부(공직법무전공),6.96,7.15
대구대학교,9,호텔관광경영학부,6.08,7.13
대구한의대학교,10,한의예과(자연),1.73,1.92
대구한의대학교,12,간호학과,3.26,3.6
대구한의대학교,14,한의예과(자연),1.74,1.91
대구한의대학교,17,간호학과,2.85,3.26
대구한의대학교,3,반려동물보건학과,5.2,5.3
대구한의대학교,3,반려동물산업학과,5.6,5.6
대구한의대학교,3,소방안전환경학과,4.6,5.8
대구한의대학교,3,아동청소년복지상담전공,5.9,6.2
대구한의대학교,4,보건의료행정학과,4.8,5.8
대구한의대학교,5,간호학과,3.01,3.18
대구한의대학교,5,경찰행정학과,5.6,6.4
대구한의대학교,5,중등특수교육과,4.0,5.4
대구한의대학교,5,한의예과(인문),1.59,1.64
대구한의대학교,5,한의예과(자연),1.6,1.89
대구한의대학교,5,화장품학과,5.7,6.0
대구한의대학교,6,미술심리치료학과,4.4,5.9
대구한의대학교,7,물리치료학과,3.35,3.49
대구한의대학교,7,재활치료학부,4.9,5.2
대구한의대학교,7,한의예과(인문),1.67,1.94
대구한의대학교,8,임상병리학과,3.86,4.24
대전대학교,5,스포츠건강재활학과,4.76,6.62
대전대학교,5,응급구조학과,5.25,5.14
대전대학교,5,임상병리학과,3.81,4.26
대전대학교,5,한의예과,1.0,1.0
대전대학교,8,간호학과,3.14,3.26
대전대학교,8,물리치료학과,4.39,3.0
대전신학대학교,23,신학과,6.0,7.0
대진대학교,10,국제지역학전공,5.15,5.31
대진대학교,10,국제통상학과,5.74,5.9
대진대학교,10,문예콘텐츠창작학과,5.05,5.19
대진대학교,10,문헌정보학과,4.63,4.88
대진대학교,10,사회복지학과,4.85,4.87
대진대학교,10,스마트건설환경공학과,5.52,5.68
대진대학교,10,스마트융합보안학과,5.53,5.58
대진대학교,10,식품영양학과,5.1,5.14
대진대학교,10,에너지공학부,5.43,5.58
대진대학교,10,역사·문화콘텐츠학과,4.65,4.91
대진대학교,10,중국학전공,5.48,5.79
대진대학교,12,경영학과,4.56,4.76
대진대학교,12,공공인재법학과,5.24,5.33
대진대학교,12,글로벌경제학과,5.33,5.4
대진대학교,12,미디어커뮤니케이션학과,4.58,4.63
대진대학교,12,스마트모빌리티전공,6.09,6.34
대진대학교,12,행정정보학과,5.32,5.51
대진대학교,14,AI빅데이터전공,5.55,5.67
대진대학교,15,공학자율학부,5.83,5.98
대진대학교,15,의생명과학과,5.4,5.63
대진대학교,15,컴퓨터공학전공,4.92,5.04
대진대학교,30,간호학과,3.53,3.69
대진대학교,5,데이터경영산업공학과,5.82,5.96
대진대학교,5,영어영문학과,4.95,5.48
대진대학교,7,보건경영학과,4.95,5.28
대진대학교,8,IT기계공학과,5.39,5.44
대진대학교,8,건축공학과,5.07,5.12
대진대학교,8,반도체융합공학과,5.75,5.89
대진대학교,8,아동학과,4.94,5.17
덕성여자대학교,11,글로벌융합대학 (인문사회),3.45,3.49
덕성여자대학교,15,미래인재대학 (자유전공학부),3.42,3.58
덕성여자대학교,18,미래인재대학 (AI신약학과),3.08,3.25
덕성여자대학교,18,미래인재대학 (가상현실융합학과),3.69,3.82
덕성여자대학교,18,미래인재대학 (데이터사이언스학과),3.44,3.58
덕성여자대학교,2,글로벌융합대학 (유아교육과),2.91,2.91
덕성여자대학교,20,과학기술대학,2.92,3.0
덕성여자대학교,20,약학대학,1.25,1.33
덕성여자대학교,26,미래인재대학 (자유전공학부),3.09,3.18
덕성여자대학교,3,Art & Design대학,1.07,1.26
덕성여자대학교,3,과학기술대학,1.5,1.5
덕성여자대학교,3,글로벌융합대학 (인문사회),3.23,3.74
덕성여자대학교,30,미래인재대학 (자유전공학부),3.25,3.44
덕성여자대학교,46,글로벌융합대학 (인문사회),3.03,3.2
덕성여자대학교,5,글로벌융합대학 (인문사회),3.42,3.49
덕성여자대학교,6,글로벌융합대학 (유아교육과),2.84,3.27
덕성여자대학교,6,약학대학,1.57,1.69
덕성여자대학교,64,글로벌융합대학 (인문사회),3.25,3.42
덕성여자대학교,8,미래인재대학 (자유전공학부),3.74,3.76
동국대학교,,간호학과,2.0,2.6
동국대학교,,조리외식경영학전공,2.8,3.7
동국대학교,,한의예과,1.6,1.92
동국대학교,,행정·경찰공공학부,4.7,4.9
동국대학교,10,불교문화콘텐츠전공,4.6,4.7
동국대학교,10,에너지·전기공학과,4.9,5.1
동국대학교,10,의예과,2.1,2.3
동국대학교,10,컴퓨터공학과,4.5,4.5
동국대학교,10,한의예과,1.4,1.4
동국대학교,10,호텔관광경영학전공,4.7,4.7
동국대학교,11,고고미술사학과,4.0,4.1
동국대학교,11,명상심리상담학과,4.5,5.3
동국대학교,11,불교학전공,4.2,4.6
동국대학교,12,간호학과,4.0,4.2
동국대학교,12,고고미술사학과,3.1,3.5
동국대학교,12,컴퓨터공학과,4.3,4.5
동국대학교,13,행정·경찰공공학부,4.4,4.6
동국대학교,14,가정교육과,3.9,3.9
동국대학교,14,유아교육과,2.9,3.5
동국대학교,15,경영학과,4.6,4.9
동국대학교,15,보건의료정보학과,3.8,3.9
동국대학교,15,뷰티메디컬학과,5.0,5.8
동국대학교,15,의예과,1.8,1.9
동국대학교,16,수학교육과,3.2,3.7
동국대학교,16,아동청소년교육학과,3.7,4.4
동국대학교,16,의예과,1.6,1.6
동국대학교,16,한의예과,1.7,1.8
동국대학교,16,항공서비스무역학과,3.8,4.6
동국대학교,17,소방방재전공,3.8,4.0
동국대학교,17,일어일문학과,3.5,3.8
동국대학교,17,행정·경찰공공학부,4.3,4.6
동국대학교,17,호텔관광경영학전공,3.2,4.7
동국대학교,19,글로컬인재학부,5.5,5.7
동국대학교,20,안전보건전공,4.8,5.0
동국대학교,20,자동차소재부품공학전공,4.0,4.4
동국대학교,21,국사학과,3.1,3.5
동국대학교,21,조경·정원디자인학부,4.1,4.2
동국대학교,22,웹문예학과,3.6,3.9
동국대학교,22,중어중문학과,3.8,4.1
동국대학교,23,한의예과,2.0,2.2
동국대학교,25,전자·정보통신공학과,4.6,4.8
동국대학교,26,정보경영학과,4.2,4.2
동국대학교,27,영어영문학과,3.3,3.6
동국대학교,27,조리외식경영학전공,4.4,4.7
동국대학교,27,회계세무학과,3.9,4.1
동국대학교,3,명상심리상담학과,4.9,4.9
동국대학교,3,불교문화콘텐츠전공,4.6,4.9
동국대학교,3,불교학전공,2.2,2.2
동국대학교,3,의예과,1.2,1.6
동국대학교,3,일어일문학과,4.3,5.9
동국대학교,3,한의예과,1.3,1.7
동국대학교,30,바이오제약공학과,3.8,4.1
동국대학교,30,의예과,1.4,1.5
동국대학교,33,항공서비스무역학과,4.4,5.4
동국대학교,35,사회복지학과,4.5,4.7
동국대학교,4,바이오제약공학과,3.3,3.7
동국대학교,4,소방방재전공,4.1,4.1
동국대학교,4,안전보건전공,4.5,5.5
동국대학교,4,전자·정보통신공학과,3.8,4.2
동국대학교,41,에너지·전기공학과,4.5,4.9
동국대학교,43,경영학과,4.4,4.8
동국대학교,43,컴퓨터공학과,3.9,4.2
동국대학교,45,호텔관광경영학전공,3.9,4.3
동국대학교,5,간호학과,2.0,2.0
동국대학교,5,국사학과,3.5,3.5
동국대학교,5,바이오제약공학과,5.2,5.2
동국대학교,5,불교문화콘텐츠전공,4.3,4.3
동국대학교,5,불교학전공,4.7,4.7
동국대학교,5,웹문예학과,3.9,3.9
동국대학교,5,유아교육과,4.1,4.2
동국대학교,5,조경·정원디자인학부,5.1,5.3
동국대학교,50,간호학과,2.4,2.5
동국대학교,56,행정·경찰공공학부,3.5,3.8
동국대학교,6,경영학과,3.2,4.0
동국대학교,6,소방방재전공,4.4,4.5
동국대학교,6,일어일문학과,5.0,5.0
동국대학교,6,조리외식경영학전공,4.8,4.8
동국대학교,6,중어중문학과,4.4,5.3
동국대학교,6,회계세무학과,4.3,4.3
동국대학교,7,국사학과,4.4,4.8
동국대학교,7,수학교육과,4.1,4.1
동국대학교,7,조경·정원디자인학부,4.4,5.1
동국대학교,7,한의예과,1.5,1.6
동국대학교,8,사회복지학과,4.3,4.3
동국대학교,8,조리외식경영학전공,5.3,5.4
동국대학교,9,고고미술사학과,1.7,3.9
동국대학교,9,보건의료정보학과,5.4,5.4
동국대학교,9,뷰티메디컬학과,5.2,5.3
동국대학교,9,유아교육과,4.4,4.4
동명대학교,20,뷰티예술대학,3.74,4.63
동명대학교,4,애견미용·행동교정학과,5.0,5.38
동명대학교,5,K-sports태권도학과,5.65,6.38
동명대학교,5,국제통상물류학과,5.5,5.88
동명대학교,5,미래자동차학과,3.41,3.75
동명대학교,5,유아교육과,4.28,4.5
동명대학교,5,응급구조학과,5.09,5.63
동명대학교,6,군사학과,4.38,5.68
동명대학교,8,반려동물보건학과,4.08,4.25
동명대학교,8,스포츠재활학과,4.58,4.63
동서대학교,1,건축학과,4.6,4.6
동서대학교,1,뮤지컬엔터테인먼트과,2.5,2.5
동서대학교,1,방사선학과,3.4,3.4
동서대학교,1,보건행정학과,4.5,4.5
동서대학교,1,임상병리학과,3.9,3.9
동서대학교,1,작업치료학과,3.6,3.6
동서대학교,1,체육학과,5.8,5.8
동서대학교,1,치위생학과,3.6,3.6
동서대학교,1,캠퍼스아시아학과,2.6,2.6
동서대학교,10,디자인학부,4.4,5.2
동서대학교,11,광고홍보학과,4.1,4.1
동서대학교,11,영상애니메이션학과,2.3,2.4
동서대학교,12,국제통상물류학부,3.2,3.6
동서대학교,13,간호학과,2.6,2.7
동서대학교,13,경영학부,2.7,2.8
동서대학교,13,식품영양학과,4.3,4.6
동서대학교,14,디지털금융학과,3.9,4.1
동서대학교,14,영화과,2.6,3.0
동서대학교,15,방사선학과,2.2,2.3
동서대학교,15,방송영상학과,3.8,4.1
동서대학교,15,스마트모빌리티학부,4.9,4.9
동서대학교,15,치위생학과,3.2,3.2
동서대학교,16,건축학과,4.3,4.7
동서대학교,16,국제통상물류학부,5.0,5.1
동서대학교,16,보건행정학과,4.0,4.0
동서대학교,16,임상병리학과,3.0,3.2
동서대학교,17,게임학과,2.5,2.9
동서대학교,17,작업치료학과,3.8,3.9
동서대학교,18,경영학부,4.2,4.6
동서대학교,19,디자인학부,2.6,3.3
동서대학교,2,건축공학과,2.5,2.5
동서대학교,2,경찰학과,3.1,3.1
동서대학교,2,방송영상학과,4.0,4.0
동서대학교,2,보건행정학과,2.2,2.2
동서대학교,2,식품영양학과,4.0,4.0
동서대학교,2,연기과,3.8,3.8
동서대학교,2,영상애니메이션학과,1.0,1.0
동서대학교,2,웹툰학과,1.5,1.5
동서대학교,2,작업치료학과,1.3,1.3
동서대학교,2,패션디자인학과,2.3,2.3
동서대학교,21,간호학과,2.7,2.8
동서대학교,21,방송영상학과,4.4,4.4
동서대학교,22,컴퓨터공학부,4.5,4.5
동서대학교,23,사회복지학과,4.6,4.9
동서대학교,24,광고홍보학과,3.8,4.3
동서대학교,25,컴퓨터공학부,2.7,3.1
동서대학교,26,글로벌관광대학,5.2,5.2
동서대학교,27,컴퓨터공학부,4.4,4.6
동서대학교,3,간호학과,1.5,1.5
동서대학교,3,디자인학부,3.8,3.8
동서대학교,3,디지털금융학과,3.8,3.8
동서대학교,3,사회복지학과,3.9,3.9
동서대학교,3,연기과,3.6,3.6
동서대학교,3,웹툰학과,2.4,2.4
동서대학교,3,임상병리학과,1.6,1.6
동서대학교,3,캠퍼스아시아학과,4.4,4.4
동서대학교,30,글로벌관광대학,5.4,5.5
동서대학교,33,글로벌관광대학,3.2,3.6
동서대학교,35,방송영상학과,3.9,4.0
동서대학교,36,경영학부,4.9,5.5
동서대학교,4,건축공학과,5.9,5.9
동서대학교,4,사회복지학과,2.0,2.2
동서대학교,4,식품영양학과,4.2,4.2
동서대학교,4,영화과,1.0,1.3
동서대학교,4,운동처방학과,3.2,3.3
동서대학교,4,체육학과,3.6,3.9
동서대학교,4,캠퍼스아시아학과,2.4,4.2
동서대학교,4,컴퓨터공학부,3.2,3.2
동서대학교,40,간호학과,2.0,2.2
동서대학교,5,건축공학과,4.0,4.0
동서대학교,5,건축학과,1.9,2.4
동서대학교,5,게임학과,4.6,4.7
동서대학교,5,경찰학과,2.0,2.4
동서대학교,5,보건행정학과,4.5,5.0
동서대학교,5,식품영양학과,2.5,2.7
동서대학교,5,영상애니메이션학과,3.0,3.1
동서대학교,5,웹툰학과,3.1,3.2
동서대학교,5,패션디자인학과,4.3,4.4
동서대학교,51,컴퓨터공학부,3.8,4.1
동서대학교,56,글로벌관광대학,4.7,5.4
동서대학교,6,건축학과,3.4,4.7
동서대학교,6,광고홍보학과,2.3,2.4
동서대학교,6,글로벌관광대학,4.0,4.0
동서대학교,6,웹툰학과,2.0,2.0
동서대학교,7,방사선학과,3.0,3.0
동서대학교,7,영상애니메이션학과,3.5,3.5
동서대학교,7,영화과,3.4,3.4
동서대학교,7,임상병리학과,3.3,3.3
동서대학교,7,작업치료학과,4.0,4.3
동서대학교,7,치위생학과,3.4,3.9
동서대학교,8,건축학과,4.4,4.6
동서대학교,8,게임학과,4.1,4.1
동서대학교,8,광고홍보학과,4.6,4.6
동서대학교,8,국제통상물류학부,6.0,6.0
동서대학교,8,방사선학과,3.2,3.3
동서대학교,8,보건행정학과,4.1,4.1
동서대학교,8,임상병리학과,3.4,3.4
동서대학교,8,작업치료학과,4.3,4.8
동서대학교,8,치위생학과,3.8,4.3
동서대학교,9,디자인학부,2.9,3.0
동서대학교,9,방송영상학과,2.2,2.2
동서대학교,9,캠퍼스아시아학과,3.6,4.0
동서대학교,9,패션디자인학과,4.2,4.7
동아대학교,10,기계공학과,5.1,5.24
동아대학교,10,정보수학과,5.12,5.57
동아대학교,10,철학생명의료윤리학과,5.19,5.28
동아대학교,11,건설시스템공학과,5.32,5.33
동아대학교,11,경제학과,4.95,5.18
동아대학교,11,경찰학과,3.75,3.83
동아대학교,12,경영학과,3.96,4.92
동아대학교,12,미디어커뮤니케이션학과,3.7,3.73
동아대학교,14,한국어문학과,4.43,4.62
동아대학교,15,경영학과,4.45,4.79
동아대학교,16,전기공학과,4.86,4.93
동아대학교,18,경영정보학과,4.81,4.9
동아대학교,18,관광경영학과,4.44,4.59
동아대학교,18,국제무역학과,4.49,4.76
동아대학교,20,의예과,1.45,1.86
동아대학교,4,건설시스템공학과,5.63,5.63
동아대학교,4,국제무역학과,2.59,2.59
동아대학교,4,전기공학과,4.59,4.59
동아대학교,42,경영학과,4.09,4.18
동아대학교,5,경영정보학과,3.65,4.29
동아대학교,5,관광경영학과,4.13,4.27
동아대학교,5,국제무역학과,4.39,5.05
동아대학교,5,전자공학과,4.69,4.69
동아대학교,6,경영정보학과,4.91,5.16
동아대학교,6,관광경영학과,4.51,4.73
동아대학교,6,교육학과,3.73,3.79
동아대학교,6,국제무역학과,4.9,4.95
동아대학교,6,사회학전공,4.39,4.51
동아대학교,6,스마트그린자원학과,5.16,5.29
동아대학교,6,아동학과,4.6,4.76
동아대학교,7,건축공학과,4.15,4.25
동아대학교,7,고고미술사학전공,4.59,5.28
동아대학교,7,미래에너지공학전공,4.81,5.44
동아대학교,7,바이오메디컬학과,4.5,4.55
동아대학교,7,반도체학과,5.18,5.19
동아대학교,7,사학전공,4.63,5.11
동아대학교,7,정보수학과,5.51,5.65
동아대학교,7,정치외교학전공,3.93,4.01
동아대학교,7,철학생명의료윤리학과,5.14,5.22
동아대학교,7,환경안전전공,5.43,5.49
동아대학교,8,고고미술사학전공,4.07,4.18
동아대학교,8,사학전공,4.26,4.45
동아대학교,8,사회복지학과,4.14,4.3
동아대학교,8,식품생명공학과,5.07,5.1
동아대학교,9,금융학과,4.68,5.22
동아대학교,9,도시공학과,5.51,6.01
동아대학교,9,바이오소재공학과,5.2,5.52
동아대학교,9,아동학과,4.04,4.28
동아대학교,9,응용생물공학과,4.44,4.71
동아대학교,9,한국어문학과,5.01,5.09
동아대학교,9,행정학과,4.5,4.69
동아대학교,9,화학과,5.31,5.62
동아대학교,기회균형대상자,기회균형대상자,4.92,5.45
동아대학교,농·어촌학생,농·어촌학생,4.77,5.18
동아대학교,잠재능력우수자,잠재능력우수자,4.34,4.47
동아대학교,특성화고교출신자(동일계),교출신자(동일계),2.81,3.16
동의대학교,10,경영학과,6.33,7.16
동의대학교,10,영어영문학과,7.19,7.19
동의대학교,13,경찰행정학과,5.34,5.34
동의대학교,15,간호학과,4.0,4.08
동의대학교,3,스마트항만물류학과,5.2,5.2
동의대학교,3,유아교육과,5.6,5.6
동의대학교,33,소프트웨어융합학과,6.8,6.8
동의대학교,33,스마트호스피탈리티학과,7.78,7.78
동의대학교,34,미래모빌리티학과,7.44,7.44
동의대학교,4,e비즈니스학과,5.11,5.11
동의대학교,4,경영정보학과,6.72,6.72
동의대학교,4,국어국문학과,6.47,6.47
동의대학교,4,심리학과,6.61,6.61
동의대학교,4,아동학과,6.9,6.9
동의대학교,4,영어영문학과,5.96,5.96
동의대학교,4,유통물류학과,5.84,5.84
동의대학교,4,재무부동산학과,5.66,5.66
동의대학교,4,중어중국학과,6.05,6.05
동의대학교,4,창업투자경영학과,6.45,6.45
동의대학교,4,행정학과,6.16,6.16
동의대학교,5,국제관광경영학과,6.0,6.0
동의대학교,5,금융경영학과,5.3,6.18
동의대학교,5,디지털콘텐츠학과,5.9,5.9
동의대학교,5,무역학과,5.06,5.38
동의대학교,5,법학과,6.13,6.13
동의대학교,5,외식경영학과,3.88,5.21
동의대학교,5,평생교육·청소년상담학과,6.59,6.59
동의대학교,5,회계학과,6.2,6.2
동의대학교,6,문헌정보학과,5.95,6.46
동의대학교,6,일본학과,5.4,6.7
동의대학교,6,호텔·컨벤션경영학과,6.63,6.63
동의대학교,7,광고홍보학과,6.13,6.13
동의대학교,7,소방방재행정학과,5.36,5.36
동의대학교,8,국어국문학과,6.5,6.5
동의대학교,8,미디어커뮤니케이션학과,6.04,6.04
동의대학교,8,일본학과,6.27,7.08
동의대학교,8,중어중국학과,6.0,6.0
동의대학교,9,사회복지학과,6.72,6.72
동의대학교,9,임상병리학과,5.33,5.33
명지대학교,,건축대학,3.76,3.76
명지대학교,,반도체·ICT대학,3.87,3.87
명지대학교,,스마트시스템공과대학,3.33,3.45
명지대학교,,자율전공학부(자연),3.37,3.41
명지대학교,,화학·생명과학대학,3.39,3.51
명지대학교,10,법학과,3.2,3.33
명지대학교,10,영어영문학전공,3.14,3.27
명지대학교,10,정치외교학전공,3.41,3.45
명지대학교,10,행정학전공,3.19,3.36
명지대학교,11,건축학전공,3.08,3.23
명지대학교,11,경제학전공,3.09,3.15
명지대학교,14,건설환경공학전공,3.85,3.93
명지대학교,14,기계시스템공학부,3.61,3.7
명지대학교,14,법학과,3.39,3.6
명지대학교,14,산업경영공학과,3.44,3.5
명지대학교,14,영어영문학전공,4.67,5.12
명지대학교,14,정보통신공학전공,3.73,3.8
명지대학교,14,정치외교학전공,5.38,5.85
명지대학교,14,컴퓨터공학전공,3.5,3.58
명지대학교,14,행정학전공,3.66,3.87
명지대학교,14,환경시스템공학전공,3.6,3.62
명지대학교,16,정보통신공학전공,3.36,3.44
명지대학교,18,컴퓨터공학전공,3.17,3.27
명지대학교,2,건설환경공학전공,3.66,3.66
명지대학교,2,공간디자인학과,3.78,3.78
명지대학교,2,국어국문학전공,3.1,3.1
명지대학교,2,기계시스템공학부,3.24,3.24
명지대학교,2,문헌정보학전공,3.32,3.32
명지대학교,2,미술사·역사학전공,3.15,3.15
명지대학교,2,스마트모빌리티공학전공,4.11,4.11
명지대학교,2,시스템생명과학전공,2.94,2.94
명지대학교,2,식품영양학전공,3.12,3.12
명지대학교,2,아랍지역학전공,3.49,3.49
명지대학교,2,융합에너지학전공,3.31,3.31
명지대학교,2,응용통계학전공,3.63,3.63
명지대학교,2,일어일문학전공,3.51,3.51
명지대학교,2,전통건축학전공,3.83,3.83
명지대학교,2,중어중문학전공,4.47,4.47
명지대학교,2,화학나노학전공,3.12,3.12
명지대학교,2,환경시스템공학전공,3.68,3.68
명지대학교,21,전기전자공학부,3.46,3.6
명지대학교,24,자율전공학부(자연),3.24,3.38
명지대학교,25,전기전자공학부,3.27,3.38
명지대학교,3,경제학전공,2.92,3.19
명지대학교,3,국어국문학전공,3.13,3.19
명지대학교,3,국제통상학전공,3.1,3.29
명지대학교,3,디지털미디어학부,2.73,2.77
명지대학교,3,문헌정보학전공,3.1,3.29
명지대학교,3,반도체공학부,2.91,3.51
명지대학교,3,법학과,2.97,3.46
명지대학교,3,식품영양학전공,2.84,3.01
명지대학교,3,아랍지역학전공,2.47,3.74
명지대학교,3,영어영문학전공,3.15,3.15
명지대학교,3,응용통계학전공,2.98,3.06
명지대학교,3,정치외교학전공,3.49,3.59
명지대학교,3,행정학전공,3.58,3.83
명지대학교,3,화학나노학전공,2.45,2.79
명지대학교,4,경영대학,3.36,3.36
명지대학교,4,국제통상학전공,3.13,3.13
명지대학교,4,미디어· 휴먼라이프대학,3.49,3.49
명지대학교,4,사회과학대학,3.6,3.6
명지대학교,4,인문대학,3.49,3.49
명지대학교,5,미술사·역사학전공,2.99,3.03
명지대학교,5,스마트모빌리티공학전공,3.62,3.62
명지대학교,5,스마트시스템공과대학,3.27,3.28
명지대학교,5,인공지능· 소프트웨어융합대학,3.32,3.58
명지대학교,5,일어일문학전공,4.92,4.97
명지대학교,5,자율전공학부(인문),2.96,3.08
명지대학교,5,화학·생명과학대학,3.14,3.32
명지대학교,6,건설환경공학전공,3.57,3.64
명지대학교,6,건축학전공,3.18,3.28
명지대학교,6,경제학전공,3.34,3.41
명지대학교,6,공간디자인학과,3.68,3.77
명지대학교,6,국어국문학전공,3.18,3.19
명지대학교,6,국제통상학전공,3.37,3.49
명지대학교,6,디지털미디어학부,3.0,3.1
명지대학교,6,문헌정보학전공,3.28,3.63
명지대학교,6,미술사·역사학전공,3.21,3.51
명지대학교,6,반도체·ICT대학,3.38,3.45
명지대학교,6,반도체공학부,3.48,3.48
명지대학교,6,스마트모빌리티공학전공,3.6,3.88
명지대학교,6,시스템생명과학전공,3.13,3.18
명지대학교,6,식품영양학전공,3.39,3.56
명지대학교,6,신소재공학전공,3.41,3.49
명지대학교,6,아동학전공,3.46,3.52
명지대학교,6,아랍지역학전공,4.15,4.15
명지대학교,6,융합에너지학전공,3.55,3.84
명지대학교,6,응용통계학전공,3.56,3.57
명지대학교,6,일어일문학전공,4.36,4.96
명지대학교,6,전통건축학전공,3.59,3.62
명지대학교,6,중어중문학전공,5.22,5.24
명지대학교,6,청소년지도학전공,3.68,3.7
명지대학교,6,화학공학전공,3.44,3.46
명지대학교,6,화학나노학전공,3.39,3.46
명지대학교,7,산업경영공학과,3.27,3.28
명지대학교,7,신소재공학전공,3.39,3.47
명지대학교,8,시스템생명과학전공,3.04,3.23
명지대학교,8,화학공학전공,2.92,2.94
명지대학교,8,환경시스템공학전공,3.3,3.47
명지대학교,9,기계시스템공학부,3.28,3.33
목원대학교,3,역사학과,2.79,3.75
목원대학교,3,외식조리‧제과제빵학과,3.79,4.25
목원대학교,4,경찰법학과,4.57,5.13
목원대학교,4,광고홍보커뮤니케이션학부,3.5,4.0
목원대학교,5,경영학부,4.44,5.5
목원대학교,5,사회복지학과,4.15,4.0
목포가톨릭대학교,26,간호학과,4.64,4.97
배재대학교,배양영재,유아교육과,3.3,3.4
배재대학교,서류100,간호학과,2.7,2.9
배재대학교,서류100,외식조리학과,5.1,5.3
백석대학교,10,경상학부,5.37,5.48
백석대학교,10,경찰학부,4.36,4.45
백석대학교,10,보건학부 (응급구조학과),4.12,4.31
백석대학교,10,보건학부 (작업치료학과),5.0,5.2
백석대학교,10,컴퓨터공학부,5.58,5.74
백석대학교,11,보건학부 (물리치료학과),3.54,3.64
백석대학교,11,보건학부 (치위생학과),4.86,5.15
백석대학교,15,사범학부 (유아교육과),4.66,4.87
백석대학교,15,사범학부 (특수교육과),5.27,5.52
백석대학교,15,사회복지학부,5.23,5.71
백석대학교,20,간호학과,3.35,3.44
백석대학교,4,사범학부 (유아특수교육과),4.77,6.67
백석대학교,5,기독교학부,5.06,5.06
백석대학교,5,사범학부 (특수체육교육과),4.33,4.83
백석대학교,5,스포츠과학부,3.37,3.37
백석대학교,5,첨단IT학부,6.02,6.41
백석대학교,8,관광학부,4.72,4.95
백석대학교,8,어문학부,4.92,5.26
부산가톨릭대학교,10,간호학과,3.54,3.61
부산가톨릭대학교,10,물리치료학과,3.94,4.15
부산가톨릭대학교,10,언어청각치료학과,4.65,6.47
부산가톨릭대학교,11,간호학과,4.06,4.21
부산가톨릭대학교,11,병원경영학과,6.23,6.71
부산가톨릭대학교,12,사회복지학과,6.59,6.73
부산가톨릭대학교,12,언어청각치료학과,6.19,6.28
부산가톨릭대학교,13,물리치료학과,3.45,3.75
부산가톨릭대학교,14,치기공학과,5.0,5.35
부산가톨릭대학교,16,간호학과,3.72,3.79
부산가톨릭대학교,16,방사선학과,4.47,4.6
부산가톨릭대학교,17,임상병리학과,4.63,4.7
부산가톨릭대학교,18,임상병리학과,4.61,4.74
부산가톨릭대학교,19,방사선학과,4.67,4.91
부산가톨릭대학교,2,사회복지학과,7.78,7.78
부산가톨릭대학교,2,상담심리학과,7.64,7.64
부산가톨릭대학교,2,소방방재학과,6.38,6.38
부산가톨릭대학교,2,치기공학과,5.68,5.68
부산가톨릭대학교,22,치기공학과,5.07,5.55
부산가톨릭대학교,23,간호학과,3.57,3.69
부산가톨릭대학교,3,방사선학과,4.14,5.0
부산가톨릭대학교,3,사회복지학과,4.52,4.52
부산가톨릭대학교,3,산업안전보건학과,5.12,5.12
부산가톨릭대학교,3,임상병리학과,5.49,5.59
부산가톨릭대학교,3,치기공학과,4.15,5.91
부산가톨릭대학교,3,컴퓨터정보공학과,5.4,5.4
부산가톨릭대학교,4,물리치료학과,3.84,3.84
부산가톨릭대학교,4,소방방재학과,5.59,5.59
부산가톨릭대학교,4,유통마케팅학과,4.67,7.35
부산가톨릭대학교,5,물리치료학과,4.07,4.19
부산가톨릭대학교,5,산업안전보건학과,5.26,5.26
부산가톨릭대학교,5,유통마케팅학과,6.0,7.43
부산가톨릭대학교,6,물리치료학과,4.19,4.97
부산가톨릭대학교,6,방사선학과,5.21,5.5
부산가톨릭대학교,6,유통마케팅학과,5.86,5.86
부산가톨릭대학교,6,임상병리학과,4.77,4.87
부산가톨릭대학교,6,컴퓨터정보공학과,6.7,7.05
부산가톨릭대학교,8,소방방재학과,5.5,5.82
부산가톨릭대학교,9,방사선학과,4.88,5.21
부산가톨릭대학교,9,병원경영학과,6.52,6.55
부산가톨릭대학교,9,상담심리학과,4.97,4.97
부산가톨릭대학교,9,치기공학과,6.06,6.66
부산교육대학교,12,초등교육학부,2.62,2.7
부산교육대학교,125,초등교육학부,2.49,2.59
부산교육대학교,3,초등교육학부,3.97,3.97
부산교육대학교,5,초등교육학부,2.81,2.81
부산교육대학교,65,초등교육학부,2.62,2.79
부산대학교,,간호학과,2.1,2.27
부산대학교,,고분자공학과,2.6,2.6
부산대학교,,광메카트로닉스공학과,2.59,2.99
부산대학교,,기계공학부,2.41,2.53
부산대학교,,대기환경과학과,2.96,3.01
부산대학교,,도시공학과,2.7,2.81
부산대학교,,식품자원경제학과,3.88,3.88
부산대학교,,원예생명과학과,4.0,4.0
부산대학교,,의류학과,3.2,3.27
부산대학교,,의예과,1.22,1.27
부산대학교,,해양학과,2.79,2.82
부산대학교,10,독어독문학과,3.25,3.48
부산대학교,10,사회기반시스템공학과,3.11,3.16
부산대학교,10,생명과학과,2.26,2.81
부산대학교,10,전기전자공학부(전기공학전공),2.4,2.5
부산대학교,10,조선해양공학과,2.73,3.02
부산대학교,12,물리학과,3.05,3.26
부산대학교,12,재료공학부,2.37,2.56
부산대학교,13,유기소재시스템공학과,2.8,2.91
부산대학교,15,환경공학과,2.51,2.65
부산대학교,25,기계공학부,2.39,2.48
부산대학교,4,국어국문학과,2.03,2.03
부산대학교,4,노어노문학과,3.84,3.84
부산대학교,4,대기환경과학과,2.86,2.86
부산대학교,5,사회복지학과,2.53,2.62
부산대학교,5,수학과,2.51,2.56
부산대학교,5,언어정보학과,3.34,3.42
부산대학교,5,전기전자공학부(반도체공학전공),2.41,2.53
부산대학교,5,중어중문학과,3.63,3.65
부산대학교,5,지질환경과학과,2.86,2.91
부산대학교,5,한문학과,3.51,3.92
부산대학교,6,건축공학과,2.67,3.03
부산대학교,6,전기전자공학부(전자공학전공),2.04,2.05
부산대학교,6,철학과,2.89,3.02
부산대학교,7,도시공학과,2.88,2.95
부산대학교,7,분자생물학과,2.0,2.09
부산대학교,7,영어영문학과,2.68,2.73
부산대학교,7,화공생명공학과,2.12,2.13
부산대학교,7,화학과,1.98,2.13
부산대학교,8,고고학과,3.46,3.53
부산대학교,8,고분자공학과,2.2,2.29
부산대학교,8,미생물학과,2.3,2.32
부산대학교,8,산업공학과,2.38,2.53
부산대학교,8,일어일문학과,3.29,3.35
부산대학교,8,항공우주공학과,2.46,2.53
부산대학교,9,건축학과,2.5,2.54
부산대학교,9,사학과,2.7,2.92
부산외국어대학교,12,스포츠재활전공,4.4,4.4
부산외국어대학교,3,사회체육전공,4.4,5.2
부산외국어대학교,5,항공서비스전공,4.4,4.4
상명대학교,,농·어촌학생전형 (인문계열),4.46,4.71
상명대학교,1,조형예술전공,4.84,4.84
상명대학교,10,간호학과,3.4,3.61
상명대학교,10,글로벌경영학과,3.25,3.48
상명대학교,10,글로벌금융경영학부,4.14,4.42
상명대학교,10,글로벌지역학부,4.86,5.01
상명대학교,10,디자인학부,3.62,3.85
상명대학교,11,경영학부,3.01,3.17
상명대학교,123,융합경영학과,5.13,5.67
상명대학교,17,컴퓨터과학전공,3.04,3.15
상명대학교,2,가족복지학과,3.41,3.41
상명대학교,2,게임전공,3.36,3.36
상명대학교,2,공간환경학부,2.59,2.59
상명대학교,2,교육학과,3.23,3.23
상명대학교,2,국어교육과,2.98,2.98
상명대학교,2,무대미술전공,3.13,3.13
상명대학교,2,문헌정보학전공,2.82,2.82
상명대학교,2,생명공학전공,2.58,2.58
상명대학교,2,수학교육과,2.34,2.34
상명대학교,2,스포츠건강관리전공,2.85,2.85
상명대학교,2,식품영양학전공,1.79,1.79
상명대학교,2,애니메이션전공,1.98,1.98
상명대학교,2,역사콘텐츠전공,3.65,3.65
상명대학교,2,영어교육과,2.63,2.63
상명대학교,2,의류학전공,1.23,1.23
상명대학교,2,전기공학전공,2.82,2.82
상명대학교,2,지적재산권전공,3.35,3.35
상명대학교,2,핀테크전공· 빅데이터융합전공· 스마트생산전공,2.3,2.3
상명대학교,2,한일문화콘텐츠전공,2.13,2.13
상명대학교,2,화공신소재전공,2.6,2.6
상명대학교,2,화학에너지공학전공,3.2,3.2
상명대학교,3,가족복지학과,3.16,3.47
상명대학교,3,교육학과,2.68,2.77
상명대학교,3,디지털만화영상전공,2.61,2.8
상명대학교,3,식품영양학전공,3.27,3.27
상명대학교,3,의류학전공,2.82,3.04
상명대학교,3,한일문화콘텐츠전공,2.7,2.82
상명대학교,3,행정학부,2.27,3.5
상명대학교,4,AI미디어콘텐츠전공,3.55,3.55
상명대학교,4,ARㆍVR미디어디자인전공,2.09,4.26
상명대학교,4,건설시스템공학과,4.27,4.27
상명대학교,4,경영공학과,4.58,4.59
상명대학교,4,경제금융학부,3.48,3.48
상명대학교,4,문헌정보학전공,3.49,3.49
상명대학교,4,수학교육과,2.93,2.93
상명대학교,4,시스템반도체공학과,4.71,4.71
상명대학교,4,연극전공(이론),2.54,2.54
상명대학교,4,전기공학전공,2.81,2.81
상명대학교,4,한국언어문화전공,4.6,4.6
상명대학교,4,화공신소재전공,2.81,2.81
상명대학교,4,휴먼지능정보공학전공,3.4,3.4
상명대학교,5,AI모빌리티공학과,4.81,5.06
상명대학교,5,게임전공,3.01,3.06
상명대학교,5,국어교육과,2.57,2.83
상명대학교,5,그린화학공학과,4.28,4.42
상명대학교,5,글로벌경영학과,3.68,3.81
상명대학교,5,생명공학전공,2.55,2.73
상명대학교,5,소프트웨어학과,4.2,4.57
상명대학교,5,역사콘텐츠전공,3.09,3.09
상명대학교,5,영어교육과,2.78,2.81
상명대학교,5,전자공학과,4.65,4.84
상명대학교,5,정보보안공학과,4.98,5.03
상명대학교,5,화학에너지공학전공,3.02,3.3
상명대학교,5,휴먼지능로봇공학과,4.48,4.8
상명대학교,6,공간환경학부,3.29,3.31
상명대학교,6,그린스마트시티학과,4.79,5.0
상명대학교,6,문화예술경영전공,3.99,4.06
상명대학교,6,컴퓨터과학전공,3.36,3.48
상명대학교,6,핀테크전공· 빅데이터융합전공· 스마트생산전공,3.36,3.43
상명대학교,7,경영학부,3.14,3.28
상명대학교,7,스마트정보통신공학과,4.97,5.02
상명대학교,7,스포츠건강관리전공,3.13,3.29
상명대학교,7,행정학부,3.19,3.28
상명대학교,8,경제금융학부,2.89,2.95
상명대학교,8,사진영상미디어전공,4.51,4.59
상명대학교,8,스포츠융합자유전공학부,4.13,4.17
상명대학교,9,식품공학과,4.39,4.4
상명대학교,9,영화영상전공(연출·스태프),3.51,3.85
상명대학교,9,휴먼지능정보공학전공,3.26,3.29
상명대학교,학생부교과 (서해5도학생전형),(서해5도학생전형),3.8,3.8
상명대학교,학생부교과 (특수교육대상자전형),(특수교육대상자전형),4.63,4.76
상지대학교,10,경영학과,4.64,4.73
상지대학교,10,보건계열,3.86,4.05
상지대학교,10,자유전공학부,5.02,6.44
상지대학교,10,체육학전공,5.28,6.25
상지대학교,11,물리치료학과,3.18,2.84
상지대학교,12,유아교육학과,5.68,5.78
상지대학교,12,임상병리학과,4.28,3.93
상지대학교,2,물리치료학과,3.11,3.11
상지대학교,5,동물자원학과,4.77,4.77
상지대학교,5,미디어영상 광고학과,5.25,5.25
상지대학교,5,호텔항공 관광경영학과,6.11,6.11
상지대학교,7,경찰법학과,5.51,5.14
상지대학교,7,문화콘텐츠 학과,5.17,4.0
상지대학교,7,작업치료학과,4.35,4.23
상지대학교,7,한의예과,1.63,1.57
상지대학교,8,리빙디자인 학과,4.47,5.07
상지대학교,8,사회복지학과,5.52,4.57
상지대학교,8,산업융합 디자인학과,4.36,4.12
상지대학교,8,시각영상 디자인학과,3.83,5.42
서강대학교,,AI기반자유전공학부,3.26,3.37
서강대학교,,게페르트국제학부,3.38,3.51
서강대학교,,경영학부,3.2,3.68
서강대학교,,경제학과,3.42,3.57
서강대학교,,국어국문학과,3.36,3.64
서강대학교,,글로벌한국학부,3.52,3.6
서강대학교,,기계공학과,2.65,3.28
서강대학교,,물리학과,3.5,3.71
서강대학교,,미디어&엔터테인먼트학과,1.86,2.51
서강대학교,,사학과,3.2,3.5
서강대학교,,사회과학부,1.77,1.81
서강대학교,,사회학과,2.91,2.99
서강대학교,,생명과학과,3.18,3.66
서강대학교,,수학과,3.0,4.0
서강대학교,,시스템반도체공학과,4.29,4.45
서강대학교,,신문방송학과,3.26,3.5
서강대학교,,심리학과,2.16,3.49
서강대학교,,아트&테크놀로지학과,3.0,3.15
서강대학교,,영문학부,3.4,3.48
서강대학교,,유럽문화학과,3.28,3.53
서강대학교,,인공지능학과,2.1,2.84
서강대학교,,인문학기반자유전공학부,3.3,3.5
서강대학교,,인문학부,1.94,1.96
서강대학교,,전자공학과,2.04,3.23
서강대학교,,정치외교학과,1.95,2.08
서강대학교,,종교학과,3.47,3.88
서강대학교,,중국문화학과,3.21,3.6
서강대학교,,지식융합미디어학부,1.97,1.99
서강대학교,,철학과,3.57,3.77
서강대학교,,컴퓨터공학과,1.75,3.35
서강대학교,,화공생명공학과,3.14,3.77
서강대학교,,화학과,3.36,4.06
서울교육대학교,교직인성우수자전형,초등교육학과,2.06,2.2
서울교육대학교,국가보훈대상자전형,초등교육학과,2.57,3.57
서울교육대학교,기초생활수급자등전형,초등교육학과,2.36,3.4
서울교육대학교,농어촌학생전형,초등교육학과,1.86,1.88
서울교육대학교,장애인등대상자전형,초등교육학과,2.88,3.19
서울대학교,10,간호대학,1.53,1.6
서울대학교,11,농경제사회학부,1.23,1.23
서울대학교,11,전기·정보공학부,1.06,1.1
서울대학교,12,화학생물공학부,1.26,1.3
서울대학교,14,인문계열,1.59,1.67
서울대학교,15,재료공학부,1.21,1.25
서울대학교,16,기계공학부,1.25,1.3
서울대학교,17,정치외교학부,1.11,1.21
서울대학교,26,경영대학,1.16,1.22
서울대학교,28,인문계열,1.33,1.4
서울대학교,4,산업공학과,1.28,1.28
서울대학교,4,정치외교학부,1.55,1.55
서울대학교,4,항공우주공학과,1.18,1.18
서울대학교,5,산림과학부,1.44,1.53
서울대학교,5,에너지자원공학과,1.15,1.27
서울대학교,5,지구환경과학부,1.22,1.39
서울대학교,6,사회복지학과,1.22,1.32
서울대학교,6,사회학과,1.09,1.12
서울대학교,6,식물생산과학부,1.33,1.34
서울대학교,6,식품·동물생명공학부,1.43,1.48
서울대학교,6,심리학과,1.09,1.26
서울대학교,6,조선해양공학과,1.52,1.54
서울대학교,6,지리학과,1.39,1.39
서울대학교,6,컴퓨터공학부,1.09,1.11
서울대학교,6,통계학과,1.13,1.15
서울대학교,7,경제학부,1.09,1.11
서울대학교,7,생명과학부,1.16,1.18
서울대학교,7,수리과학부,1.17,1.18
서울대학교,7,화학부,1.18,1.39
서울대학교,8,건설환경공학부,1.19,1.21
서울대학교,8,건축학과,1.28,1.32
서울대학교,8,경제학부,1.72,1.95
서울대학교,8,물리·천문학부 물리학전공,1.21,1.24
서울대학교,9,국어국문학과,1.77,1.86
서울대학교,9,노어노문학과,2.28,2.51
서울대학교,9,독어독문학과,2.16,2.56
서울대학교,9,불어불문학과,2.09,2.1
서울대학교,9,서어서문학과,2.56,2.87
서울대학교,9,아시아언어문명학부,1.71,1.95
서울대학교,9,언어학과,1.92,2.02
서울대학교,9,역사학부,1.36,1.43
서울대학교,9,영어영문학과,2.02,2.18
서울대학교,9,원자핵공학과,1.14,1.28
서울대학교,9,중어중문학과,1.84,2.32
서울시립대학교,10,국사학과,2.53,3.86
서울시립대학교,10,도시사회학과,2.43,2.51
서울시립대학교,10,세무학과,4.36,4.66
서울시립대학교,10,중국어문화학과,3.77,4.02
서울시립대학교,11,건축학부(건축학전공),2.65,3.07
서울시립대학교,11,국어국문학과,2.54,2.58
서울시립대학교,11,도시행정학과,2.26,2.29
서울시립대학교,11,사회복지학과,2.67,2.8
서울시립대학교,12,컴퓨터과학부,1.95,2.03
서울시립대학교,14,국제관계학과,2.5,2.54
서울시립대학교,14,화학공학과,2.04,2.14
서울시립대학교,14,환경공학부,2.0,2.23
서울시립대학교,15,전자전기컴퓨터공학부,2.29,2.72
서울시립대학교,15,조경학과,2.4,2.78
서울시립대학교,18,영어영문학과,4.2,4.55
서울시립대학교,2,건축학부(건축공학전공),2.5,2.5
서울시립대학교,2,도시공학과,2.52,2.52
서울시립대학교,2,물리학과,1.92,1.92
서울시립대학교,2,생명과학과,1.8,1.8
서울시립대학교,2,수학과,1.98,1.98
서울시립대학교,2,영어영문학과,2.76,2.76
서울시립대학교,2,융합응용화학과,1.73,1.73
서울시립대학교,2,인공지능학과,1.89,1.89
서울시립대학교,2,토목공학과,2.57,2.57
서울시립대학교,2,통계학과,2.09,2.09
서울시립대학교,2,환경원예학과,1.8,1.8
서울시립대학교,23,경영학부,2.86,3.34
서울시립대학교,24,전자전기컴퓨터공학부,2.28,2.41
서울시립대학교,24,행정학과,2.36,2.42
서울시립대학교,27,경제학부,2.39,3.15
서울시립대학교,3,건축학부(건축공학전공),2.92,3.15
서울시립대학교,3,건축학부(건축학전공),2.3,3.3
서울시립대학교,3,기계정보공학과,1.96,2.09
서울시립대학교,3,도시사회학과,2.08,2.43
서울시립대학교,3,사회복지학과,2.67,2.86
서울시립대학교,3,생명과학과,1.97,1.97
서울시립대학교,3,수학과,2.6,3.05
서울시립대학교,3,신소재공학과,2.17,2.8
서울시립대학교,3,컴퓨터과학부,1.83,2.07
서울시립대학교,3,토목공학과,2.9,3.33
서울시립대학교,3,통계학과,2.21,2.43
서울시립대학교,3,환경원예학과,1.64,1.82
서울시립대학교,4,도시공학과,2.02,2.02
서울시립대학교,4,도시사회학과,2.52,2.52
서울시립대학교,4,도시행정학과,3.25,3.25
서울시립대학교,4,사회복지학과,3.02,3.02
서울시립대학교,4,화학공학과,2.58,2.58
서울시립대학교,5,건축학부(건축학전공),1.99,2.01
서울시립대학교,5,경제학부,2.3,2.36
서울시립대학교,5,교통공학과,2.81,2.88
서울시립대학교,5,국제관계학과,2.87,2.94
서울시립대학교,5,물리학과,2.2,2.2
서울시립대학교,5,수학과,2.11,2.24
서울시립대학교,5,전자전기컴퓨터공학부,1.95,2.01
서울시립대학교,5,컴퓨터과학부,2.45,2.55
서울시립대학교,5,화학공학과,2.05,2.32
서울시립대학교,6,공간정보공학과,2.26,2.45
서울시립대학교,6,국제관계학과,2.22,2.24
서울시립대학교,6,세무학과,2.82,3.45
서울시립대학교,6,융합응용화학과,2.27,2.27
서울시립대학교,6,인공지능학과,2.16,2.18
서울시립대학교,6,행정학과,2.14,2.15
서울시립대학교,7,건축학부(건축공학전공),2.29,2.45
서울시립대학교,7,세무학과,2.15,2.71
서울시립대학교,7,토목공학과,2.3,2.59
서울시립대학교,78,경영학부,2.14,2.3
서울시립대학교,8,기계정보공학과,2.86,3.74
서울시립대학교,8,도시공학과,2.15,2.19
서울시립대학교,8,생명과학과,1.94,2.01
서울시립대학교,8,신소재공학과,2.21,2.27
서울시립대학교,8,행정학과,2.52,2.55
서울시립대학교,9,경제학부,3.31,3.87
서울시립대학교,9,철학과,3.52,3.9
서울시립대학교,9,통계학과,2.27,2.36
서울시립대학교,9,환경원예학과,2.31,2.71
서울신학대학교,10,IT융합학부 (컴퓨터공학과/AI융합학과),4.79,5.15
서울신학대학교,10,유아교육과,4.7,4.89
서울신학대학교,11,기독교교육과,6.06,6.29
서울신학대학교,11,아동보육학과,5.97,6.41
서울신학대학교,15,사회복지학과,4.68,4.94
서울신학대학교,3,사회복지학과,4.22,5.51
서울신학대학교,4,중국언어문화콘텐츠학과,5.15,5.15
서울신학대학교,5,글로벌경영학과,4.62,4.82
서울신학대학교,6,신학과,6.11,6.14
서울신학대학교,6,일본어문화콘텐츠학과,4.6,4.63
서울신학대학교,8,관광경영학과,5.08,5.29
선문대학교,12,간호학과,3.91,3.91
선문대학교,24,수산생명의학과,5.97,6.05
선문대학교,24,식품공학·영양학부,6.2,6.2
선문대학교,24,제약생명공학과,6.55,6.55
선문대학교,48,경찰행정법학과,6.21,6.21
선문대학교,48,디지털콘텐츠학과,5.75,6.5
선문대학교,48,미디어커뮤니케이션학부,6.46,6.78
선문대학교,48,사학과,5.64,5.64
선문대학교,48,사회복지학과,6.6,6.6
선문대학교,48,상담심리학과,5.86,5.95
선문대학교,6,치위생학과,4.67,4.78
선문대학교,63,경영학과,5.85,6.61
선문대학교,63,글로벌경제학과,5.48,5.48
선문대학교,63,아시아문화학부,6.47,6.47
선문대학교,63,외국어학부(스페인어중남미전공),7.24,7.24
선문대학교,63,외국어학부(일본어전공),6.56,6.91
선문대학교,7,건축학부,5.78,6.0
선문대학교,7,산업경영공학과,6.78,6.78
선문대학교,7,응급구조학과,5.47,5.55
선문대학교,8,물리치료학과,3.85,4.09
성공회대학교,10,사회융합학부,4.2,4.5
성공회대학교,21,미래융합학부,4.94,5.03
성공회대학교,22,경영학부,4.39,4.52
성공회대학교,33,미디어콘텐츠융합학부,4.0,4.19
성공회대학교,34,사회융합학부,4.35,4.55
성공회대학교,36,인문융합콘텐츠학부,4.49,4.78
성공회대학교,5,미디어콘텐츠융합학부,3.0,3.33
성공회대학교,52,소프트웨어융합학부,4.75,5.03
성공회대학교,국가보훈대상자,국가보훈대상자,4.0,5.44
성공회대학교,기회균형선발,기회균형선발,3.11,3.78
성공회대학교,농어촌학생,농어촌학생,3.22,3.33
성공회대학교,사회기여자 및 배려대상자,사회기여자 및 배려대상자,3.0,3.11
성공회대학교,특성화고교교과성적,교교과성적,2.55,2.85
성균관대학교,,건설환경공학부,2.24,2.72
성균관대학교,,건축학과(5년제),2.63,3.17
성균관대학교,,경영학과,2.81,3.08
성균관대학교,,공학계열,2.16,2.99
성균관대학교,,교육학과,2.5,3.1
성균관대학교,,글로벌경영학과,3.17,3.38
성균관대학교,,글로벌경제학과,3.21,3.38
성균관대학교,,글로벌리더학부,2.94,3.22
성균관대학교,,글로벌바이오메디컬공학과,2.56,3.35
성균관대학교,,글로벌융합학부,2.34,2.88
성균관대학교,,농 어 촌,2.11,2.72
성균관대학교,,독어독문학과,3.58,3.84
성균관대학교,,러시아어문학과,3.55,3.92
성균관대학교,,물리학과,2.68,5.31
성균관대학교,,반도체시스템공학과,3.95,3.96
성균관대학교,,반도체융합공학과,2.58,3.04
성균관대학교,,사회과학계열,2.12,2.6
성균관대학교,,생명과학과,3.38,4.61
성균관대학교,,소프트웨어학과,2.66,3.53
성균관대학교,,수학과,5.33,5.55
성균관대학교,,수학교육과,2.19,2.65
성균관대학교,,스포츠과학과,2.73,4.15
성균관대학교,,약학과,1.74,2.61
성균관대학교,,양자정보공학과,2.78,4.39
성균관대학교,,에너지학과,5.07,5.2
성균관대학교,,영상학과,2.88,3.55
성균관대학교,,유학·동양학과,2.38,3.32
성균관대학교,,의상학과,2.74,3.63
성균관대학교,,의예과,1.27,1.56
성균관대학교,,인문과학계열,2.86,3.22
성균관대학교,,자연과학계열,2.28,3.26
성균관대학교,,자유전공계열,3.14,3.5
성균관대학교,,전자전기공학부,1.9,2.3
성균관대학교,,지능형소프트웨어학과,2.82,3.52
성균관대학교,,컴퓨터교육과,3.86,3.94
성균관대학교,,프랑스어문학과,2.84,3.2
성균관대학교,,한문교육과,2.96,3.53
성균관대학교,,화학과,2.97,4.89
성신여자대학교,10,AI융합학부,3.01,3.12
성신여자대학교,10,수리통계데이터사이언스학부 (수학/핀테크),3.3,3.48
성신여자대학교,10,화학·에너지융합학부,2.71,2.75
성신여자대학교,11,바이오신약의과학부,2.53,2.63
성신여자대학교,11,바이오헬스융합학부,2.93,3.05
성신여자대학교,11,영어영문학과,3.14,3.53
성신여자대학교,11,일본어문·문화학과,3.75,4.17
성신여자대학교,11,중국어문·문화학과,3.79,4.29
성신여자대학교,12,경제학과,3.14,3.39
성신여자대학교,12,미디어커뮤니케이션학과,2.65,2.73
성신여자대학교,18,경영학과,2.84,3.09
성신여자대학교,2,독일어문·문화학과,4.57,4.57
성신여자대학교,2,문화예술경영학과,3.27,3.27
성신여자대학교,2,바이오헬스융합학부,3.05,3.05
성신여자대학교,2,사학과,3.34,3.34
성신여자대학교,2,지리학과,3.15,3.15
성신여자대학교,2,프랑스어문·문화학과,3.67,3.67
성신여자대학교,20,법학부,3.0,3.16
성신여자대학교,3,국어국문학과,2.97,3.42
성신여자대학교,3,미디어커뮤니케이션학과,1.42,1.56
성신여자대학교,3,사회복지학과,2.84,2.95
성신여자대학교,3,수리통계데이터사이언스학부 (수학/핀테크),3.28,3.28
성신여자대학교,3,심리학과,3.16,3.55
성신여자대학교,3,일본어문·문화학과,3.66,3.83
성신여자대학교,3,정치외교학과,3.22,3.26
성신여자대학교,3,중국어문·문화학과,3.85,3.85
성신여자대학교,4,경제학과,3.05,3.05
성신여자대학교,4,국어국문학과,2.74,2.74
성신여자대학교,4,독일어문·문화학과,3.91,3.91
성신여자대학교,4,문화예술경영학과,2.95,2.95
성신여자대학교,4,바이오식품공학과,2.63,2.63
성신여자대학교,4,사학과,3.02,3.02
성신여자대학교,4,서비스디자인공학과,1.98,1.98
성신여자대학교,4,심리학과,2.49,2.49
성신여자대학교,4,영어영문학과,3.43,3.43
성신여자대학교,4,정치외교학과,2.78,2.78
성신여자대학교,4,지리학과,2.84,2.84
성신여자대학교,4,청정신소재공학과,2.41,2.41
성신여자대학교,4,컴퓨터공학과,2.81,2.81
성신여자대학교,4,프랑스어문·문화학과,3.12,3.12
성신여자대학교,4,화학·에너지융합학부,2.6,2.6
성신여자대학교,5,미디어커뮤니케이션학과,2.75,2.82
성신여자대학교,5,법학부,3.24,3.25
성신여자대학교,5,사회복지학과,3.0,3.02
성신여자대학교,5,일본어문·문화학과,2.87,2.95
성신여자대학교,5,중국어문·문화학과,3.37,3.6
성신여자대학교,5,청정신소재공학과,3.02,3.03
성신여자대학교,5,컴퓨터공학과,2.94,3.36
성신여자대학교,6,경영학과,3.1,3.11
성신여자대학교,6,바이오식품공학과,2.69,2.96
성신여자대학교,6,사학과,3.01,3.17
성신여자대학교,6,영어영문학과,3.19,3.22
성신여자대학교,6,융합보안공학과,2.99,4.36
성신여자대학교,6,프랑스어문·문화학과,3.99,4.37
성신여자대학교,7,국어국문학과,3.22,4.57
성신여자대학교,7,독일어문·문화학과,3.72,4.88
성신여자대학교,7,문화예술경영학과,3.21,3.63
성신여자대학교,7,바이오신약의과학부,2.1,2.23
성신여자대학교,7,서비스디자인공학과,3.3,3.32
성신여자대학교,7,융합보안공학과,3.24,3.28
성신여자대학교,7,정치외교학과,2.78,2.89
성신여자대학교,7,지리학과,2.86,2.94
성신여자대학교,8,경제학과,2.99,3.06
성신여자대학교,8,바이오생명공학과,2.88,2.95
성신여자대학교,8,수리통계데이터사이언스학부 (수학/핀테크),3.14,3.19
성신여자대학교,8,심리학과,3.14,3.28
성신여자대학교,85,경영학과,4.22,4.7
성신여자대학교,9,바이오생명공학과,2.69,2.75
성신여자대학교,9,바이오헬스융합학부,2.56,2.59
성신여자대학교,9,사회복지학과,2.98,3.27
성신여자대학교,9,서비스디자인공학과,3.38,3.5
성신여자대학교,9,화학·에너지융합학부,2.67,2.76
세종대학교,,AI로봇학과,2.9,3.03
세종대학교,,AI융합전자공학과,2.51,2.83
세종대학교,,건설환경공학과,2.75,2.76
세종대학교,,건축공학과,2.79,2.79
세종대학교,,건축학과,2.44,2.61
세종대학교,,경영학부,2.4,2.44
세종대학교,,경제학과,2.63,2.63
세종대학교,,교육학과,2.52,2.52
세종대학교,,국어국문학과,2.67,2.67
세종대학교,,국제학부,2.66,2.78
세종대학교,,기계공학과,2.53,2.54
세종대학교,,나노신소재공학과,2.36,2.38
세종대학교,,물리천문학과,2.41,2.54
세종대학교,,미디어커뮤니케이션학과,2.44,2.44
세종대학교,,반도체시스템공학과,2.57,2.74
세종대학교,,법학과,2.73,2.73
세종대학교,,생명시스템학부,2.41,2.45
세종대학교,,수학통계학과,2.58,2.58
세종대학교,,스마트생명산업융합학과,2.3,2.3
세종대학교,,양자원자력공학과,2.18,2.18
세종대학교,,역사학과,2.64,2.64
세종대학교,,우주항공시스템공학부-우주항공공학전공,2.75,2.81
세종대학교,,우주항공시스템공학부-지능형드론융합전공,3.22,3.24
세종대학교,,인공지능데이터사이언스학과,2.62,2.81
세종대학교,,정보보호학과,2.3,2.32
세종대학교,,지구자원시스템공학과,2.7,2.7
세종대학교,,지능정보융합학과,2.94,3.01
세종대학교,,창의소프트학부-디자인이노베이션전공,2.94,3.22
세종대학교,,창의소프트학부-만화애니메이션텍전공,2.2,2.66
세종대학교,,컴퓨터공학과,2.65,2.89
세종대학교,,콘텐츠소프트웨어학과,2.58,2.77
세종대학교,,행정학과,2.57,3.07
세종대학교,,호텔관광외식경영학부,2.84,3.08
세종대학교,,호텔외식관광프랜차이즈경영학과,4.44,4.79
세종대학교,,화학과,2.66,2.85
세종대학교,,환경융합공학과,2.58,2.58
세종대학교,15,사이버국방(남),2.88,2.99
세종대학교,28,국방시스템공학과(남),3.32,3.52
순천향대학교,10,간호학과,2.53,2.87
순천향대학교,10,기계공학과,4.7,4.8
순천향대학교,10,나노화학공학과,4.55,4.79
순천향대학교,10,유아교육과,4.0,4.1
순천향대학교,10,정보통신공학과,5.27,5.37
순천향대학교,10,청소년교육·상담학과,4.19,4.31
순천향대학교,11,디스플레이신소재공학과,5.39,5.41
순천향대학교,11,전자공학과,4.56,4.66
순천향대학교,12,간호학과,2.56,2.67
순천향대학교,12,경영학과,4.23,4.36
순천향대학교,12,관광경영학과,4.68,4.78
순천향대학교,12,사회복지학과,4.7,4.88
순천향대학교,12,식품영양학과,4.54,4.75
순천향대학교,12,의예과,1.04,1.06
순천향대학교,13,경제금융학과,4.74,4.87
순천향대학교,13,전기공학과,4.64,5.08
순천향대학교,13,컴퓨터소프트웨어공학과,4.56,4.99
순천향대학교,13,환경보건학과,4.85,5.05
순천향대학교,14,생명과학과,4.6,4.77
순천향대학교,14,정보보호학과,4.93,5.1
순천향대학교,15,컴퓨터공학과,4.54,4.87
순천향대학교,16,IT금융경영학과,5.13,5.39
순천향대학교,2,AI·빅데이터학과,4.86,4.86
순천향대학교,2,간호학과,3.06,3.06
순천향대학교,2,메타버스&게임학과,4.97,4.97
순천향대학교,2,의료IT공학과,5.04,5.04
순천향대학교,2,의예과,1.11,1.11
순천향대학교,2,정보보호학과,4.41,4.41
순천향대학교,2,컴퓨터소프트웨어공학과,5.09,5.09
순천향대학교,21,국제통상학과,4.89,5.12
순천향대학교,4,스포츠의학과,4.28,4.28
순천향대학교,4,의예과,1.6,1.6
순천향대학교,56,의예과,1.11,1.16
순천향대학교,6,글로벌문화산업학과,4.33,4.74
순천향대학교,6,스포츠과학과,4.04,4.35
순천향대학교,6,회계학과,4.99,5.0
순천향대학교,7,화학과,4.34,4.46
순천향대학교,8,에너지환경공학과,4.83,4.87
순천향대학교,8,특수교육과,5.04,5.13
순천향대학교,8,행정학과,4.01,4.24
순천향대학교,9,경찰행정학과,3.08,3.1
순천향대학교,9,법학과,4.13,4.15
순천향대학교,9,전자정보공학과,5.38,5.59
숭실대학교,11,벤처중소기업학과,3.21,3.55
숭실대학교,11,사회복지학부,2.62,2.72
숭실대학교,11,수학과,2.47,2.67
숭실대학교,11,평생교육학과,2.92,3.22
숭실대학교,12,회계학과,2.8,3.03
숭실대학교,14,금융학부,2.91,2.94
숭실대학교,14,화학과,2.63,2.73
숭실대학교,15,정보통계·보험수리학과,2.73,2.87
숭실대학교,16,법학과,2.75,2.89
숭실대학교,16,철학과,2.95,3.33
숭실대학교,18,경제학과,2.77,2.93
숭실대학교,19,물리학과,2.94,3.06
숭실대학교,21,영어영문학과,2.99,3.29
숭실대학교,23,글로벌통상학과,3.09,3.19
숭실대학교,24,기독교학과,4.01,4.24
숭실대학교,30,경영학부,2.86,3.14
숭실대학교,6,언론홍보학과,2.36,2.64
숭실대학교,6,정보사회학과,2.83,3.05
숭실대학교,6,중어중문학과,3.21,3.23
숭실대학교,7,국어국문학과,2.97,2.98
숭실대학교,7,국제법무학과,2.96,3.04
숭실대학교,7,정치외교학과,2.93,2.97
숭실대학교,8,사학과,2.44,2.72
숭실대학교,8,행정학부,2.81,2.83
숭실대학교,9,독어독문학과,3.72,4.27
숭실대학교,9,불어불문학과,4.08,4.46
숭실대학교,9,일어일문학과,3.01,4.9
신라대학교,1,광고홍보영상 미디어학부,6.2,6.2
신라대학교,10,간호학과,2.8,3.0
신라대학교,10,사회복지학과,3.1,3.1
신라대학교,2,보건행정학과,5.0,5.0
신라대학교,2,실내건축 디자인학과,4.4,4.4
신라대학교,2,일본어일본학과,2.9,2.9
신라대학교,2,패션디자인학과,3.3,3.3
신라대학교,3,시각디자인학과,4.1,4.1
신라대학교,3,영어교육과,4.4,4.4
신라대학교,3,웹툰학과,5.1,5.1
신라대학교,4,교육학과,6.2,6.2
신라대학교,4,국어교육과,6.2,6.2
신라대학교,4,미디어 문예창작학과,5.1,5.1
신라대학교,4,상담치료복지학과,3.5,3.5
신라대학교,4,역사교육과,4.4,4.4
신라대학교,4,유아교육과,5.1,5.1
신라대학교,4,일어교육과,2.9,2.9
신라대학교,4,컴퓨터교육과,5.3,5.3
신라대학교,4,항공교통물류학부,3.6,6.2
신라대학교,4,항공서비스학과,4.5,5.6
신라대학교,5,문헌정보학과,4.2,4.5
신라대학교,6,경찰행정학과,4.4,4.6
신라대학교,6,식품조리학과,3.3,5.4
신라대학교,6,치위생학과,5.3,5.3
신라대학교,7,간호학과,2.8,3.0
신라대학교,7,소방안전 응급구조학과,4.7,5.4
신라대학교,7,식품영양 베이커리학부,5.0,5.5
신라대학교,8,반려동물학과,4.7,4.8
신라대학교,8,항공정비학과,5.4,5.4
신라대학교,9,물리치료학과,3.5,3.8
신라대학교,9,항공운항학과,5.6,5.6
아주대학교,10,국어국문학과,2.97,3.15
아주대학교,10,수학과,2.76,2.94
아주대학교,10,지능형반도체공학과,2.23,2.24
아주대학교,10,행정학과,3.03,3.29
아주대학교,11,전자공학과,2.06,2.39
아주대학교,13,건설시스템공학과,3.05,3.27
아주대학교,13,교통시스템공학과,3.67,3.89
아주대학교,13,불어불문학과,4.14,5.26
아주대학교,13,환경안전공학과,2.8,2.97
아주대학교,14,사학과,3.38,3.45
아주대학교,14,심리학과,2.62,2.69
아주대학교,15,경영인텔리전스학과,2.98,3.26
아주대학교,15,사이버보안학과,2.9,2.97
아주대학교,15,약학과,1.45,1.51
아주대학교,16,소프트웨어학과,2.42,2.53
아주대학교,17,금융공학과,3.18,3.37
아주대학교,17,응용화학과,2.4,2.45
아주대학교,17,화학공학과,2.44,2.47
아주대학교,23,건축학과,3.17,3.31
아주대학교,23,산업공학과,2.91,3.23
아주대학교,25,간호학과,2.26,2.28
아주대학교,25,경영학과,3.04,3.81
아주대학교,25,영어영문학과,3.41,3.77
아주대학교,30,소프트웨어학과,2.49,2.79
아주대학교,32,전자공학과,2.57,2.72
아주대학교,32,첨단바이오융합대학,2.21,2.32
아주대학교,36,첨단신소재공학과,2.44,2.55
아주대학교,4,산업공학과,1.9,1.9
아주대학교,4,소프트웨어학과,2.15,2.15
아주대학교,40,의학과,1.24,1.34
아주대학교,42,기계공학과,2.87,3.11
아주대학교,42,디지털미디어학과,3.06,3.3
아주대학교,42,미래모빌리티공학과,2.77,2.86
아주대학교,5,경영학과,2.67,2.82
아주대학교,5,경제정치사회융합학부,2.88,2.88
아주대학교,5,기계공학과,2.47,2.65
아주대학교,5,디지털미디어학과,2.35,2.96
아주대학교,5,미래모빌리티공학과,2.49,2.58
아주대학교,5,전자공학과,2.02,2.3
아주대학교,5,프런티어과학학부,2.12,2.12
아주대학교,50,프런티어과학학부,2.76,3.23
아주대학교,6,기계공학과,2.43,2.53
아주대학교,6,프런티어과학학부,2.17,2.23
아주대학교,7,경제정치사회융합학부,2.82,2.85
아주대학교,7,미래모빌리티공학과,2.96,3.42
아주대학교,9,문화콘텐츠학과,2.84,2.97
아주대학교,학생부종합 (고른기회1전형),(고른기회1전형),2.62,2.78
아주대학교,학생부종합 (고른기회2전형),(고른기회2전형),2.53,2.57
아주대학교,학생부종합 (특수교육대상자전형),(특수교육대상자전형),3.99,3.99
안양대학교,AI융합학과,AI융합학과,4.25,4.25
안양대학교,관광경영학과,관광경영학과,2.61,3.22
안양대학교,국어국문학과,국어국문학과,3.78,3.78
안양대학교,글로벌경영학과,글로벌경영학과,3.6,3.79
안양대학교,도시정보공학과,도시정보공학과,3.93,4.09
안양대학교,디지털미디어디자인학과,디지털미디어디자인학과,4.33,4.78
안양대학교,러시아언어문화학과,러시아언어문화학과,4.02,4.02
안양대학교,소프트웨어학과,소프트웨어학과,2.9,3.29
안양대학교,스마트시티공학과,스마트시티공학과,6.42,6.43
안양대학교,식품영양학과,식품영양학과,3.76,3.95
안양대학교,영미언어문화학과,영미언어문화학과,4.12,4.12
안양대학교,유아교육과,유아교육과,3.68,3.77
안양대학교,정보전기전자공학과,정보전기전자공학과,4.26,4.5
안양대학교,중국언어문화학과,중국언어문화학과,3.41,3.83
안양대학교,컴퓨터공학과,컴퓨터공학과,3.05,3.38
안양대학교,통계데이터사이언스학과,통계데이터사이언스학과,4.07,4.22
안양대학교,해양바이오공학과,해양바이오공학과,5.54,5.54
안양대학교,행정학과,행정학과,3.68,3.93
안양대학교,화장품발명디자인학과,화장품발명디자인학과,3.6,3.91
안양대학교,환경에너지공학과,환경에너지공학과,3.74,3.91
연세대학교,,건축공학과,1.95,2.05
연세대학교,,경영학과,1.73,1.91
연세대학교,,경제학부,1.75,2.02
연세대학교,,국어국문학과,2.57,2.81
연세대학교,,기계공학부,1.76,1.86
연세대학교,,노어노문학과,1.73,1.91
연세대학교,,대기과학과,1.69,1.72
연세대학교,,도시공학과,2.16,2.27
연세대학교,,문헌정보학과,1.84,2.98
연세대학교,,물리학과,1.54,1.59
연세대학교,,불어불문학과,2.73,2.8
연세대학교,,사학과,2.28,2.36
연세대학교,,사회환경시스템공학부,2.1,2.34
연세대학교,,산업공학과,1.56,1.65
연세대학교,,수학과,1.53,1.62
연세대학교,,시스템반도체공학과,1.55,1.55
연세대학교,,신소재공학부,1.64,1.68
연세대학교,,심리학과,1.56,1.68
연세대학교,,아시아학전공,2.92,3.11
연세대학교,,영어영문학과,1.73,1.87
연세대학교,,융합과학공학부,1.64,1.72
연세대학교,,융합인문사회과학부,1.72,1.8
연세대학교,,응용통계학과,2.0,2.03
연세대학교,,전기전자공학부,1.59,1.73
연세대학교,,중어중문학과,2.28,2.41
연세대학교,,지구시스템과학과,2.07,2.16
연세대학교,,천문우주학과,1.59,1.67
연세대학교,,철학과,2.01,2.25
연세대학교,,화공생명공학부,1.59,1.76
연세대학교,,화학과,1.69,1.76
연세대학교,1,AI보건정보관리학과,3.46,3.46
연세대학교,1,간호학과,2.96,2.96
연세대학교,1,의예과,1.81,1.81
연세대학교,10,AI반도체학부,4.66,4.91
연세대학교,10,임상병리학과,2.72,3.01
연세대학교,11,데이터사이언스학부,4.88,4.93
연세대학교,14,디지털헬스케어학부,4.48,4.85
연세대학교,15,의예과,1.34,1.47
연세대학교,2,간호학과,2.79,2.79
연세대학교,2,디자인예술학부,4.69,4.69
연세대학교,2,디지털헬스케어학부,4.06,4.06
연세대학교,2,물리치료학과,3.27,3.27
연세대학교,2,소프트웨어학부,4.72,4.72
연세대학교,2,임상병리학과,3.07,3.07
연세대학교,2,작업치료학과,4.06,4.06
연세대학교,22,디자인예술학부,3.93,4.24
연세대학교,27,의예과,2.19,4.65
연세대학교,3,AI반도체학부,3.95,4.36
연세대학교,3,AI보건정보관리학과,4.14,4.21
연세대학교,3,간호학과,2.64,2.65
연세대학교,3,디자인예술학부,1.89,3.46
연세대학교,3,디지털헬스케어학부,4.2,4.49
연세대학교,3,물리치료학과,2.36,2.61
연세대학교,3,방사선학과,3.16,3.76
연세대학교,3,의예과,1.2,1.52
연세대학교,3,임상병리학과,2.66,3.29
연세대학교,3,작업치료학과,3.37,4.49
연세대학교,32,소프트웨어학부,4.55,4.81
연세대학교,5,AI보건정보관리학과,3.75,3.86
연세대학교,5,소프트웨어학부,4.07,4.07
연세대학교,6,물리치료학과,2.95,3.07
연세대학교,6,방사선학과,2.84,3.37
연세대학교,6,작업치료학과,3.88,3.88
연세대학교,7,간호학과,2.47,2.47
연세대학교,9,치위생학과,3.61,3.7
원주대학교,10,국제통상학과,5.96,6.09
원주대학교,11,도시계획ㆍ부동산학과,5.68,6.02
원주대학교,11,법학과,5.61,5.97
원주대학교,11,자치행정학과,5.23,5.44
원주대학교,13,해양바이오식품학과,6.3,6.42
원주대학교,3,사학과,5.23,5.46
원주대학교,3,영어영문학과,6.03,6.03
원주대학교,4,경제학과,5.66,5.66
원주대학교,4,무역학과,6.27,6.4
원주대학교,4,생물학과,5.0,5.0
원주대학교,4,일본학과,5.43,5.43
원주대학교,4,철학과,7.87,7.87
원주대학교,5,경영학과,4.91,5.07
원주대학교,5,국제통상학과,5.82,5.82
원주대학교,5,데이터사이언스학과,6.07,6.07
원주대학교,5,사학과,4.37,4.53
원주대학교,5,해양생명과학과,5.77,5.97
원주대학교,5,회계학과,5.74,5.78
원주대학교,6,관광경영학과,5.4,5.4
원주대학교,6,대기환경과학과,5.57,5.59
원주대학교,6,무역학과,5.49,5.63
원주대학교,6,수산생명의학과,5.09,5.18
원주대학교,6,중어중문학과,5.8,5.97
원주대학교,6,철학과,5.9,5.97
원주대학교,7,관광경영학과,5.21,5.32
원주대학교,7,식물생명과학과,5.4,6.15
원주대학교,7,식품영양학과,4.83,5.17
원주대학교,8,경제학과,5.42,5.45
원주대학교,8,국어국문학과,5.38,5.67
원주대학교,8,수학물리학부,5.56,6.1
원주대학교,8,화학신소재학과,5.43,5.63
원주대학교,8,회계학과,5.23,5.25
원주대학교,9,일본학과,5.0,5.05
원주대학교,9,해양생태환경학과,5.61,6.14
진주교육대학교,123명,(지역인재),3.29,3.54
진주교육대학교,12명,(농어촌학생),3.14,3.33
진주교육대학교,50명,(21세기형 교직 적성자),3.72,4.22
해양대학교,11,기관시스템공학부,3.67,3.81
해양대학교,12,항해융합학부,2.61,3.17
해양대학교,4,해운경영학부,3.86,3.86
해양대학교,5,해사인공지능·보안학부,3.24,3.6
해양대학교,7,국제무역경제학부,3.97,3.97
